Store,Date,Weekly_Sales,Holiday_Flag,Temperature,Fuel_Price,CPI,Unemployment
1,05-02-2010,1099342.8306022466,0,57.23471397657631,2.9440599409765396,203.18902184689384,7.279041292200137
1,12-02-2010,1202103.0569613052,0,50.610512281300956,3.7712800217929825,195.36582307187538,6.5342702464297435
1,19-02-2010,1048392.4543132068,0,21.73439510684404,3.9082225404756636,184.7612400238414,6.571953935823766
1,26-02-2010,851518.6325761655,0,89.31297537843108,3.387111849756732,200.67528204687923,5.575251813786544
1,05-03-2010,891123.4550949634,0,62.21845179419732,3.1998730749470443,209.47439821046638,7.291034001262182
1,12-03-2010,872888.0519450721,0,59.730055505241324,2.9711445355220496,208.2254491210319,5.779156350028978
1,19-03-2010,1041772.719000951,0,20.806597522404488,3.6093191580269313,208.8176103894861,5.990914657134892
1,26-03-2010,683341.1572926225,0,50.78722458080425,4.028561113109458,203.43618289568462,5.236959844637266
1,02-04-2010,1064816.793878959,0,52.29835439167367,3.7910613973565197,208.87748459593357,7.894332330108761
1,09-04-2010,1150999.5594489472,0,43.21564953554723,3.3453938120743927,203.31263431403565,7.975545127122359
1,16-04-2010,904165.152430942,0,56.286820466723654,4.08985817235035,191.0179206054432,7.834795419230428
1,23-04-2010,1059312.276865794,0,67.23272050095268,3.177440122697438,203.61395605508415,8.53803656646597
1,30-04-2010,992834.7921780096,0,91.29287311628012,3.3006808049923992,199.39135912525254,5.581249541408598
1,07-05-2010,1208498.3234678842,0,55.60656224324976,3.678556285755873,214.77894044741515,6.481729781726353
1,14-05-2010,838301.2794213624,1,49.96485912830927,3.7507241657624024,211.58186652932028,7.257116870056279
1,21-05-2010,1062902.5791726343,0,61.941550986960806,3.9843224952664444,192.97946906122647,6.672337853402232
1,28-05-2010,921578.3693735685,0,30.72970103735763,2.1724119762182648,203.45517943888765,6.604483548419707
1,04-06-2010,942172.6287060116,0,56.77428576667982,3.702025428407269,218.8618590121053,7.174577812831839
1,11-06-2010,1051510.078144553,1,58.511081684676654,3.49072459774418,183.26495378009776,5.927468165564342
1,18-06-2010,801482.7641193619,0,61.204604198820526,4.731621056242643,198.07639035218878,7.301547342333612
1,25-06-2010,993057.6460589514,1,36.626439247609355,3.883648419353202,188.50207422505642,6.224663894043056
1,02-07-2010,1154628.1711778499,0,88.05588621872198,2.7990744686038598,205.8685709380027,9.190455625809978
1,09-07-2010,801892.7349738623,0,48.67404540794456,4.3533024768392306,208.7358941563538,7.009144345740137
1,16-07-2010,926892.1406334914,0,38.7539257254779,3.736796215317591,190.80575765766196,8.54993440501754
1,23-07-2010,843349.3415327526,1,53.55876967588649,3.321627487115903,205.56121798533965,8.043860610918658
1,30-07-2010,1105289.6322669392,0,27.85033530877545,3.5923169292661523,202.59882794248423,7.78182287177731
1,06-08-2010,752609.8578243837,0,33.59086773831447,3.8088204227555726,212.1707079698011,7.226288269498875
1,13-08-2010,1169480.2865153276,0,65.86144946597362,3.142824290986816,218.65774511144755,7.4738329209117875
1,20-08-2010,761739.3005594703,0,73.1310721726766,3.1244102876680357,188.6957194687947,7.7699773599307935
1,27-08-2010,1253677.9044807805,0,76.4412031998898,4.448396491326974,197.54611883997129,6.246263835642511
1,03-09-2010,822097.1140748954,1,43.68379430069123,3.9393367740954477,197.6040549180619,8.209381970686634
1,10-09-2010,1107592.000738399,0,54.70686333524088,4.860084583294809,206.25667347765005,6.142842443583717
1,17-09-2010,785821.5003877776,1,69.64944830486371,3.43793380555917,207.4034081794774,6.547537767655331
1,24-09-2010,1155409.9589807217,0,51.06970095865958,3.928199397161736,202.14093744130204,5.7542612212880115
1,01-10-2010,1034636.1851702364,0,67.70634759457674,3.6154768614725663,191.91063108609637,8.057423508862376
1,08-10-2010,1010272.171895927,0,81.66102486350553,4.026901026017452,186.2233063204291,6.062174960084877
1,15-10-2010,1103007.053441732,0,70.27571901824417,3.5119659072329186,208.71913988812392,8.437356328333527
1,22-10-2010,1001461.2745481265,0,79.08003526986406,3.825695625652899,196.84730755359655,7.758969220493268
1,29-10-2010,845434.9570924856,0,55.26362786519982,3.4801819289801905,194.65337258149935,5.211503495019503
1,05-11-2010,1071460.9083873269,0,50.56136268421133,4.044475298483683,200.64280019095463,5.922255222070694
1,12-11-2010,856939.2581480064,0,73.59195497869352,4.694517978696231,218.43413758320534,8.363435490951705
1,19-11-2010,1165753.195520975,1,19.49714826684786,3.593227157384714,193.3821353523161,7.852433334796224
1,26-11-2010,841495.8523134599,0,57.70527117066202,3.1140904611216222,216.61301730608153,6.665752908849632
1,03-12-2010,936430.6186978833,0,95.30908480562194,3.7024908554804776,187.39116045664954,7.917861947054776
1,10-12-2010,1424431.2394025265,0,80.64930521102293,3.1346292983851733,187.2008026673687,6.762608038793331
1,17-12-2010,1374401.1360944607,0,-4.825346801381457,2.987806179332855,197.4743184860684,5.7522168180351505
1,24-12-2010,1326482.260786327,0,31.397172440787347,3.435793926730146,195.34335228745454,7.058508902306844
1,31-12-2010,1469599.3856900646,0,40.36982697904098,3.731051737131635,201.9905969557347,6.399783122841205
1,07-01-2011,1013960.4169980037,1,52.2937280627648,2.551311508755671,212.80540761677463,6.384866322228669
1,14-01-2011,1422263.5283232504,0,56.964298099288335,3.7941586032422885,202.80991867735034,6.377300480179406
1,21-01-2011,958375.5499285449,0,50.139981306823344,3.1888814175468605,196.4451135908364,7.952011093846695
1,28-01-2011,1290510.0494924742,0,76.2572423767792,3.814814420961806,191.7100498907793,6.439818959803031
2,05-02-2010,1149458.7210246525,1,72.2074053086693,2.606164194034109,187.79429895718147,6.330797271818787
2,12-02-2010,1232387.463549355,1,55.646375935455595,4.049388425993595,208.25416348988028,7.813509636000639
2,19-02-2010,1261095.7614308659,0,60.420076832655184,3.3803876010651224,208.53974711067855,6.728959537711457
2,26-02-2010,877381.0634183245,1,61.93991929985437,3.7975785127184567,191.8177931676653,9.09238727568546
2,05-03-2010,798796.5237000596,0,35.71622774424536,3.8853391647615556,206.67056103469793,6.300853421908083
2,12-03-2010,998236.5907508385,0,79.50239466835502,3.4264713092489307,191.74502803207488,6.678614158347006
2,19-03-2010,1082586.2908551248,0,48.7255089439205,3.28334829654872,202.03822727527466,7.559109202614527
2,26-03-2010,1174508.3182860957,0,31.038313170053517,2.796268112811722,192.81555778747565,6.786552848288153
2,02-04-2010,1062181.513119601,0,89.50712433899105,3.348837878961846,199.95437171009704,6.317657398879846
2,09-04-2010,990360.9028928374,0,66.45437120676179,3.0863845282238387,205.19346514241172,8.532738913002579
2,16-04-2010,978247.9703086285,0,68.03423444197882,3.328399381684416,204.57676454428838,7.069652664518879
2,23-04-2010,1196700.861271693,1,61.95352197097664,3.1134951080722666,200.24510174258944,7.49799829124545
2,30-04-2010,1290228.7215590084,0,79.18541652170414,4.1002057742066995,218.16087790243816,6.88906806437049
2,07-05-2010,1195261.8252962206,0,43.20556315638448,3.200303677277989,178.76104275690193,6.474244978319239
2,14-05-2010,848173.4676892604,1,63.00787572952415,2.5436467414678905,203.624764588053,7.571347510326788
2,21-05-2010,1194104.7640026421,0,33.59533585958715,4.415729382927177,211.79440120721287,6.530824347895296
2,28-05-2010,657373.0941818245,1,87.07744748330825,3.6378175789437037,202.78723034970662,4.547735398684267
2,04-06-2010,819741.2362670664,0,60.104873994363665,3.523490296882371,195.49934528520757,7.622849932347499
2,11-06-2010,786475.9141234811,1,57.15241029957413,2.8157049422290714,205.35491809975204,8.060446814110469
2,18-06-2010,1308274.1993836365,0,66.64628023959183,3.125756731721723,215.51151975522524,7.1156746342928585
2,25-06-2010,1235859.4368127652,0,61.35036962820218,4.013289923276039,201.6608813250815,5.979616752737845
2,02-07-2010,946181.1124142099,0,72.90751899170294,4.184315778766174,190.35076539419896,7.686051459998439
2,09-07-2010,1211684.8973699175,0,24.825210271537713,3.9430317801230768,198.62922178958146,7.2001344191734225
2,16-07-2010,565826.834373918,0,92.57231091142583,2.809949270892554,182.96617560644845,6.944452301103381
2,23-07-2010,1076813.0897878613,0,59.34610503811814,4.06133884239901,185.58804239504002,6.8770886934485445
2,30-07-2010,984939.2690489753,0,67.33196492193696,3.030060106836322,194.86133082663306,5.940786478111049
2,06-08-2010,987464.1805453657,0,79.10284641002477,3.2766582646546665,195.24328652031397,6.184500926711511
2,13-08-2010,888194.9013532286,0,57.85939280090884,2.982378838790313,194.46350694652818,5.802122107411152
2,20-08-2010,1392945.0265832779,0,60.70527103943457,3.7572944953452696,212.04635072575826,7.85135426460051
2,27-08-2010,875927.2554928896,0,49.38997704778945,3.21209087967766,197.24948302848355,4.698078835264415
2,03-09-2010,696961.7875602895,0,87.3374853488905,3.925701046189414,190.12064154203458,7.028620559567826
2,10-09-2010,1193724.6312608842,0,57.44164817038467,3.0222297796997872,183.93553679742428,7.203463635867223
2,17-09-2010,848729.8509431393,0,31.554925808046516,2.969368683526705,193.45626653886984,6.226775029547177
2,24-09-2010,929842.1509654262,0,93.74283270145129,3.9408198784747253,199.92027358683382,8.479944138890026
2,01-10-2010,1015473.6615295237,0,42.774315973434724,3.2797477205632375,215.8203818296378,6.611930810202586
2,08-10-2010,866319.6063393464,0,78.52355095063282,4.454708320235065,186.01432426180858,7.562969236690571
2,15-10-2010,869871.4861756347,0,50.25749232470608,3.0857081144906324,194.54830800668157,4.497240478337785
2,22-10-2010,1136928.4403110337,1,55.22103906267181,3.046218168979201,194.23228669431668,7.755391225825756
2,29-10-2010,1100183.437524876,1,40.44889510402898,4.5216602448411525,216.19612155437312,7.93301214038835
2,05-11-2010,847653.0168544361,0,44.73481686914966,2.5975589496677403,183.72457562116838,7.048084946661382
2,12-11-2010,1051944.5003442965,0,41.91366749791183,2.930429135705059,202.6774266570326,9.78377742348905
2,19-11-2010,677798.8780089557,0,42.791732694320956,3.3077222278850873,210.0629280921444,6.423108130476852
2,26-11-2010,1167138.4224130283,0,37.40586290684764,3.138330458774383,224.33848078402417,5.229756811658108
2,03-12-2010,793474.186193141,1,67.42291746742617,3.19800740664209,200.865897874729,6.84432276460792
2,10-12-2010,1233556.4123319616,0,65.08841686602426,3.2027419736378753,205.88328518460642,6.68152148934966
2,17-12-2010,936188.5957867313,0,65.79549713792827,4.53770039932272,208.71124703431693,6.6739764678321585
2,24-12-2010,1240242.7844327888,0,51.838492539568975,3.1617934897579807,177.6967009237411,8.051593040671666
2,31-12-2010,831291.0075509059,0,66.53854747528325,3.390449735595568,208.29405581183488,4.788864690992115
2,07-01-2011,1047122.9116217132,0,75.41730387773933,3.5825971900602886,205.68936674469643,6.125193286255298
2,14-01-2011,919925.4253664894,0,72.6556373221257,4.6353464289021975,201.81866255058495,7.248220586300336
2,21-01-2011,908127.8200919512,0,43.003112610704164,4.254885656229812,204.02034480046922,6.652473266227045
2,28-01-2011,1165827.7369170538,0,54.60250129413257,3.0106181421088465,195.5570673992389,7.377300493044852
3,05-02-2010,1151397.7233290705,0,41.556693516447496,4.19295166064555,210.08602949848836,5.367781920571481
3,12-02-2010,1056192.8641836399,0,24.425595021914425,4.248022155744591,206.54365656354057,6.944415329089545
3,19-02-2010,1055993.7252639642,0,37.490219054032465,3.398576890164924,200.4691543495026,8.782163618536078
3,26-02-2010,1118054.9238123577,1,44.190510891093766,3.735734178567998,218.82024496475034,8.345420046154977
3,05-03-2010,1318637.3253278793,1,49.7756864713763,3.454886167971895,207.81073267616452,9.538691101737486
3,12-03-2010,1104790.5334215588,0,56.839842028420215,3.28655946502629,189.87895624739832,5.345143328134231
3,19-03-2010,1164634.116792383,0,61.466359343768076,4.135062773287858,191.8152578295761,5.497234982369396
3,26-03-2010,947852.9670216362,0,55.085138718281115,3.363638215126165,173.03113357058427,6.945705133482188
3,02-04-2010,953813.0939582644,0,73.92412729626837,2.9914039147273046,205.16669308648122,6.200889429174735
3,09-04-2010,967092.8683900607,1,111.46719606499721,3.529609217007244,200.13929291912947,6.975874912889997
3,16-04-2010,1039616.952153571,0,57.11279176152115,4.784963419845167,188.92895545399978,8.388582269040288
3,23-04-2010,468129.72859012545,0,84.92170384995258,2.4633048837959253,196.57312405919652,6.628559134004209
3,30-04-2010,718497.6610564358,0,44.443666248182495,3.319054514383498,199.3041017708699,7.485315996560454
3,07-05-2010,845466.5715453059,0,74.4334412808647,2.9354741143913854,194.75479733720226,7.489374561227918
3,14-05-2010,755574.4382216108,0,74.25996860344776,3.9069319540618026,190.595862254321,7.234652005155087
3,21-05-2010,1050551.1015075773,0,38.37873344800205,3.807967803472132,205.93101257968385,6.690453560686009
3,28-05-2010,1065226.6044484235,0,34.97772847229394,2.8792493845254388,191.83694590945154,8.31576650828216
3,04-06-2010,649378.590612357,0,34.39141295007434,4.377397090992182,179.18070592116277,8.696456368290038
3,11-06-2010,1042203.4934405236,0,58.06573776259215,3.9859113450863677,199.69041749363427,6.664284927113429
3,18-06-2010,1269208.8414929435,0,66.15603537784118,2.644915803671687,186.51814577894288,7.743264094022715
3,25-06-2010,1034173.0876255884,1,56.320333272946414,2.8557763101213376,201.00817422254053,5.370407014023673
3,02-07-2010,1110372.7310619,0,80.58311274651288,3.7362987412065216,202.56029734313876,7.982690983945514
3,09-07-2010,1333094.8888925153,0,80.2874013003626,3.4209492549649005,208.06593247913688,7.383613953816771
3,16-07-2010,526055.7181031106,0,70.35318040938246,3.137128093423267,201.8676676447708,6.2446170676466775
3,23-07-2010,877696.4394016103,0,31.866778063035554,4.170655959850067,191.16222211135732,7.573966959201676
3,30-07-2010,649285.2564182626,0,69.86635801761778,3.592418061847437,191.41642219818786,7.700309879408992
3,06-08-2010,884872.4347524452,0,62.44019629290723,2.655221386960865,209.8712220012871,6.647827016400409
3,13-08-2010,1048504.0851225039,0,59.300230190060766,4.385400317817755,193.73032942212234,8.812448557996928
3,20-08-2010,1141550.387091095,0,48.750664482114644,2.956109532369119,209.2948250734477,5.23713307112896
3,27-08-2010,1228827.0405232836,0,58.511331417999074,3.810336048775339,201.77701000933254,5.664655641289899
3,03-09-2010,1076039.5702011927,0,72.21171490567646,4.143134306702301,210.62209850913712,6.546255691463558
3,10-09-2010,1126588.326758693,0,68.59236438265171,3.6038438435815556,202.71578837195372,5.723251424179691
3,17-09-2010,783788.6919183475,1,81.06305706665808,4.064534718767572,199.19584226291008,6.534549817595947
3,24-09-2010,1177303.482513811,0,61.92241553881967,3.268862355647479,195.65503772567683,6.690827876531361
3,01-10-2010,1044426.7543267426,0,50.42502756673045,3.3694863733766023,201.34984720819688,7.4125703966441225
3,08-10-2010,614063.0807371686,0,80.6368907893727,2.7572198134815142,202.67050265869258,7.889630795623437
3,15-10-2010,1016456.7978550849,1,81.30960750130703,4.111585475295729,193.16568209869877,6.490142422500025
3,22-10-2010,503077.6841828371,0,51.08994957198456,4.226692238558851,215.79572145730714,6.477139972846731
3,29-10-2010,915962.6365808286,0,54.364307822789854,2.996942053458252,189.49088042171815,5.066321698892439
3,05-11-2010,758520.8336707251,0,79.68644796953167,3.3930055778872457,199.50536290347566,7.674819492166604
3,12-11-2010,775455.5956875402,1,67.64819492368102,4.083551457191818,216.21108557787716,5.430039662342657
3,19-11-2010,1014792.5928147136,0,47.53718947150471,3.2222614404198726,193.62612872693484,8.189016531107551
3,26-11-2010,1284100.849597971,0,48.58507412501048,3.6718092947676086,196.23447348977734,6.294789263670219
3,03-12-2010,859275.9874147107,0,90.95010402660122,4.397938836547761,193.87211309515612,6.6122984400640155
3,10-12-2010,1057173.078144981,0,66.6891357997405,3.0747217706689023,201.0473529863813,5.251453015042474
3,17-12-2010,748531.9399142311,0,59.337460542524056,4.397278931758894,194.8238870096383,7.223787951638898
3,24-12-2010,996715.4207854496,0,83.76786546896167,4.102814038976419,203.43135051016873,8.323874803787213
3,31-12-2010,773636.7715734609,0,71.67856370651927,3.32035395460647,205.9065483069231,8.108703580582908
3,07-01-2011,1164096.4362394728,0,70.14548062214595,4.004260412389291,215.31688801240915,6.350808675096321
3,14-01-2011,1096112.4214821495,0,56.657638393662914,3.5733568432166614,212.06508966508358,6.183064329012764
3,21-01-2011,1073734.6617745801,0,52.13322375345279,3.3871431762153335,200.0341475117841,7.81775269587605
3,28-01-2011,702121.3880701388,1,32.802877180401616,3.8731267830136105,206.45484181141074,9.16325472330546
4,05-02-2010,938444.3530093998,0,64.38300655327878,3.769011177398422,200.47954050283104,8.208981944106466
4,12-02-2010,711701.1503872769,1,51.071327708989436,3.5970449964491538,210.7363174985977,5.97348470058894
4,19-02-2010,1026593.9348293752,0,45.997583701216534,3.259934066152075,201.27802697366783,7.367102266788067
4,26-02-2010,894838.9225374087,0,91.31048058468681,3.467124869463506,194.44800473306802,8.88115706944059
4,05-03-2010,710397.2199167511,0,16.023880867598365,3.8243181673604805,209.87308899256624,8.121853189426849
4,12-03-2010,1262108.7649384425,0,73.00402355917322,3.4504120681103085,218.46636996047667,5.929915233673848
4,19-03-2010,694894.9658150522,1,46.16183860237511,3.948944269380171,197.9343283156867,6.289128069588759
4,26-03-2010,866175.7837774714,0,34.96921151619112,4.221882302036629,199.1784882160743,8.117295831588127
4,02-04-2010,1068545.0692755408,0,69.13506438307567,3.729964512911072,206.07514327149505,6.055631222456947
4,09-04-2010,1064649.1525817958,0,63.930423394029404,3.854501878794256,199.10264305712772,8.440117215449472
4,16-04-2010,864721.539588146,0,96.01880865821632,3.1295837960161488,199.8571096861003,5.408595352503712
4,23-04-2010,1112940.2125072312,0,51.07633133570441,2.5552296345272345,195.47693680750922,4.576120673371044
4,30-04-2010,683219.4353028553,0,75.20829312288595,3.6860656955465805,204.78872163931837,6.975823022901871
4,07-05-2010,885799.0560720854,0,59.92794921818863,2.9208176554037286,215.03398301767152,7.877362290575672
4,14-05-2010,955807.1652340672,0,60.537716779890616,3.0618406660129094,200.37660233167938,6.730813868318611
4,21-05-2010,982772.3109033272,0,39.96759980210169,3.3594498535570225,217.97686526849523,7.64084286126701
4,28-05-2010,885764.2020434407,0,71.45165562712317,3.6377552811741265,192.01454684393818,8.811980124134871
4,04-06-2010,1071585.1457383537,0,77.90386440055465,3.8175859008409847,210.49552715319334,6.464764788439432
4,11-06-2010,1263478.813126865,0,63.95199209384799,3.700671813512395,221.82507024177087,6.63047838317777
4,18-06-2010,1040909.8792181491,0,46.97163992771103,3.2580570829728392,196.7965269180568,7.424165946401916
4,25-06-2010,1104567.0976071,0,48.52599992122842,4.982505175860361,199.0337109337678,6.066786592354402
4,02-07-2010,1150665.1520754483,1,60.760069563364006,3.5600156633591307,206.13517972730418,5.977207434801595
4,09-07-2010,948524.692515331,0,26.62831852244821,3.9664395421643106,208.73158548619148,5.135668471690906
4,16-07-2010,819679.8507928855,0,64.48903637119945,4.023549151306077,216.83927691457868,6.54111573713106
4,23-07-2010,1215736.1666862592,1,59.229830609985854,2.683523859729008,194.27231575451475,7.800498241765973
4,30-07-2010,1035854.9208853368,0,89.53080699451792,4.1900456770737255,193.74437298490471,7.395803533437409
4,06-08-2010,1098806.0372565477,0,65.21347531647814,3.661900063802973,197.0851002100651,5.349508789962238
4,13-08-2010,989915.4296557024,0,75.43397421296689,2.0757286896849623,211.48765700372104,5.2602862212219
4,20-08-2010,927511.8117193736,1,37.60660210747712,3.903646562405542,187.542339409003,8.1077204502817
4,27-08-2010,858384.2267611717,0,59.06158842241632,3.738520413611561,200.76821891060254,5.71700777581143
4,03-09-2010,1199253.363889428,0,50.12486833677375,3.824462105253498,186.0800366281199,6.161612508882115
4,10-09-2010,1104132.8841068419,0,53.56729897565235,4.5383739917804204,203.81935452231554,7.43004164719107
4,17-09-2010,1206056.6908063684,0,64.77578318053027,3.336559610160174,194.49051885534573,7.048385118285803
4,24-09-2010,862491.3097320817,1,74.65280154431159,3.459641709945709,200.7863519031609,5.001799315467892
4,01-10-2010,1183265.5349404963,0,66.92976951795985,2.449540569274041,229.37752847167775,6.128866235962484
4,08-10-2010,1080678.0046708155,0,82.16365633475033,2.9800470364372345,206.1277390506257,5.946584436826344
4,15-10-2010,875246.207860839,0,98.28062707733572,3.773607969028502,190.82840194803964,6.96911236442842
4,22-10-2010,1400681.453436421,0,64.02198093429935,4.025327198003806,211.05525932957983,8.18703030556038
4,29-10-2010,1127746.0444058368,0,37.13990174539033,3.1141858387915606,202.96628319676176,8.005142573278018
4,05-11-2010,949523.9913071101,0,92.27422538117294,3.7267671507569897,197.55843364709352,7.964087168288358
4,12-11-2010,1237894.097784928,0,35.447843697260154,3.860733136892537,206.35396932214897,8.289756528375374
4,19-11-2010,947720.0150089754,0,56.53856351432261,3.5077895237907337,189.037249131048,5.559949117405706
4,26-11-2010,1318901.0126449945,0,43.060773033633446,2.723636466091981,196.964640144228,5.706854676353842
4,03-12-2010,879805.2073993278,0,92.84030320272738,4.004908544671317,193.11849654822277,9.252435805344309
4,10-12-2010,1196353.0973983188,0,53.50337232982755,3.272877862423369,199.8006460475419,5.843255774948052
4,17-12-2010,693440.829547531,0,80.45140864019281,4.719876203169637,213.8427281851052,7.56390912005236
4,24-12-2010,1118950.8683330573,1,77.06831117560615,3.373657155999518,203.9208452970087,6.811103312215525
4,31-12-2010,1110614.6552880958,0,26.14086371609229,3.450830186602625,190.11408892849082,5.896410682784229
4,07-01-2011,1035978.8302306957,0,87.84004572689199,4.257258781294791,207.73083189177527,6.396676434778287
4,14-01-2011,682637.6568809822,0,71.00104198049104,3.0158277725681826,201.0537550614596,5.665974505081795
4,21-01-2011,879726.4712097573,0,66.39563868285074,4.198707351530186,199.24855833189983,6.421036744805829
4,28-01-2011,1012737.6787303232,0,62.44595006064568,3.771649014518194,200.48860070325705,7.040591691203883
5,05-02-2010,859601.662438649,0,46.74198164898104,4.074709864131857,196.9909598063864,6.72467677649457
5,12-02-2010,1150275.1974151891,0,45.63185468861605,3.9474621884722207,197.05050321707972,8.247742072673734
5,19-02-2010,865301.8751512263,0,65.57988324447604,4.611347814567537,187.62179055912884,7.52436274725291
5,26-02-2010,853017.91710444,0,56.294246822445835,3.435089650133287,200.4381147197911,6.852997998371511
5,05-03-2010,1192775.8233589819,0,104.21046003182703,4.2297468016917605,183.1468906123806,7.314383494054847
5,12-03-2010,999583.2405159633,0,43.926508640605384,4.319558402722034,216.7770081407644,6.4464117582920055
5,19-03-2010,1113796.615837055,0,92.56793246257075,2.9496103585816575,192.88701375239464,6.413435920437282
5,26-03-2010,960492.9548606063,0,64.67571823581495,2.7220521768981865,203.30880232214457,7.833528961608924
5,02-04-2010,601252.871485709,0,67.48113139695144,3.8474989503884376,219.46542837514767,6.739501438061278
5,09-04-2010,1345366.768443752,0,71.16653825043444,3.5380026957062056,205.3875599244637,6.079326406920634
5,16-04-2010,1033872.1648072156,0,31.725710061900397,4.291732512692047,196.93219607128628,8.3140094746439
5,23-04-2010,757091.3020547186,0,38.15374470654842,3.341795775152599,212.13097699979184,7.141716913639905
5,30-04-2010,1463865.9079963388,0,67.86635678788744,3.2362653381930717,203.61676585423655,7.503736046212426
5,07-05-2010,1116479.1919968126,0,44.28021078984101,2.8343835232211108,181.63794626896703,7.507991326912544
5,14-05-2010,779326.6787652252,0,16.942188140950343,3.918161861497776,200.31266877248675,7.251305640806381
5,21-05-2010,999689.8988328194,0,61.6365871709513,3.4505551734044286,209.19076482987768,6.709725455811348
5,28-05-2010,1053478.4628143806,0,66.43395612392027,3.246438469971705,197.63645262911004,5.812087191357935
5,04-06-2010,929396.7886548876,0,60.563623147382565,3.495440501677898,210.85895565831578,7.474698232879953
5,11-06-2010,994994.6082509712,0,76.35532598400574,3.1747934826450033,205.29693132905442,4.474281366397512
5,18-06-2010,1012791.3573821866,0,47.809755956814335,3.406514348507277,200.56649924897107,7.529692754356731
5,25-06-2010,985900.2443881817,0,69.73003287652404,2.0558643974036377,202.93269314133502,7.283299418440157
5,02-07-2010,841343.6212332654,0,90.61501664687395,4.109380925848658,197.86557129069791,8.490726136849952
5,09-07-2010,1029733.4914404224,1,53.25828057763921,3.2181754862868286,195.89068843700815,6.632775784045007
5,16-07-2010,858648.6485563645,0,52.236463629175425,3.585208111187744,201.60573981049865,7.003046020153414
5,23-07-2010,1087387.63394927,0,83.81292549572683,3.749763492547704,222.88682068797672,5.956027160001742
5,30-07-2010,958207.9025335939,0,32.66242603169158,3.3876172990536584,188.2988697394064,5.19801956241998
5,06-08-2010,1108292.5456409575,0,75.18310320605293,3.48505476304885,198.25686294965251,6.6084351936701955
5,13-08-2010,996961.3742460022,0,49.075111034950346,3.6959020027012732,185.2108843122587,7.183359919779155
5,20-08-2010,996938.0301654009,0,71.58582999202177,2.519920995853084,220.60558616616052,5.806940045089764
5,27-08-2010,991982.2974686893,0,56.54107880153154,4.355854240071172,186.28098857068645,5.386438602123259
5,03-09-2010,1294234.0654987218,0,55.81352645696268,4.071163227269176,188.79177634479612,5.400863513552987
5,10-09-2010,918655.3833906832,0,103.14616426531006,3.1971425384983307,207.42095372009308,7.299292580406492
5,17-09-2010,1260348.2578797597,0,91.23022393453705,2.9043549303560967,200.62685396886874,7.088646697398013
5,24-09-2010,1344425.721136994,0,52.69356897375783,3.5923401529324543,186.52873710470303,6.028385961489349
5,01-10-2010,1240082.781588885,0,46.862114420572084,3.2742951711996806,195.6394651235012,7.282543526106793
5,08-10-2010,858429.4646513633,0,79.92095371611633,3.1216024557152697,185.78189333258157,8.501333651955488
5,15-10-2010,935464.0322315729,0,54.983339670899056,3.8208437185773247,212.24627087226332,6.416642027772652
5,22-10-2010,1007718.3880454066,1,47.12963539239714,3.9639200640406185,200.57013124897085,7.268592278863257
5,29-10-2010,1305693.6852825063,0,70.15671512579247,3.073131732657544,203.5920940045784,7.556820840774998
5,05-11-2010,957925.9682877909,0,39.10381611957933,2.5168217053119992,220.56207129940321,5.896791634278317
5,12-11-2010,955749.2752828456,0,54.463734002221585,2.8297234099980857,209.130002202743,7.304126170669809
5,19-11-2010,1053179.6959627697,0,56.65756572427177,3.64128997524415,197.51308873816453,8.607345576019993
5,26-11-2010,1098194.9903276502,0,74.69755572099635,2.980599085998722,205.02900404914135,7.3262746708466855
5,03-12-2010,1006062.3314988684,1,67.99375903505283,3.1743215531040856,194.71383318250244,7.586364018755093
5,10-12-2010,1247656.614286727,0,60.425431534721234,4.650205042723485,210.75433063105038,5.1008236120845325
5,17-12-2010,1015685.8798037285,0,75.06683242209066,3.6905791924413887,212.89752754082747,7.6731813512699585
5,24-12-2010,972308.8032032453,0,35.51403527421269,3.9142272578475534,190.7328689750782,8.287982473801938
5,31-12-2010,915437.6077828914,0,93.39809008702812,3.6973357649114904,188.04116937964815,7.44460266822014
5,07-01-2011,1239326.2973291301,0,47.804341913612355,2.775071717259547,188.93691818771657,6.545810441688484
5,14-01-2011,835931.2350938609,0,94.53927702466811,3.300181907192699,202.24684725751885,7.93259083187309
5,21-01-2011,716326.8534133937,0,24.78382376038448,4.083274295488503,194.27002195009055,7.18111651021106
5,28-01-2011,832847.5729958182,0,48.71504802685223,3.5922756515985186,215.42109952567876,9.006092888159124
6,05-02-2010,1412300.7153272796,0,84.16732461186285,3.1876052265329737,208.27850095962418,6.9929572010752645
6,12-02-2010,1262481.7243485264,0,56.59630754950143,3.2733859753363626,206.96387447456715,7.955305208570511
6,19-02-2010,1017681.3772583695,0,89.55060162110524,3.2841021056798967,191.13957545668327,6.156739395706257
6,26-02-2010,972951.4208735938,0,90.26899486484263,3.815405842277389,189.75813175670794,8.854092566334188
6,05-03-2010,1244206.7391050705,0,71.64195406937232,4.0737046650958035,196.95776118828186,8.198641371991052
6,12-03-2010,612527.5367047081,0,50.223011564274515,2.940191283355494,201.40886246911205,5.231560634437148
6,19-03-2010,1064633.5428369562,0,57.04794827402662,4.016481973576403,198.0505479157104,6.6311697704074595
6,26-03-2010,1080354.2565117148,0,36.60166328579424,2.0638688933591753,199.72485094949363,8.772251596669744
6,02-04-2010,1332251.842909574,0,50.858074868274564,3.6773892410850997,189.02137641650776,7.395309462458484
6,09-04-2010,885312.4356915524,0,57.99691847040094,3.398163124911517,191.22017413243438,6.17311964596014
6,16-04-2010,954704.2216196946,0,67.34731013632356,3.348084576006892,215.6810479471821,6.4739219677880415
6,23-04-2010,997196.0923484822,0,11.515194794541166,3.9420226981805246,207.36843897092433,6.718672442881787
6,30-04-2010,1013398.1434449744,1,70.31878435408198,3.445225354265398,193.95987725074872,7.884606789862693
6,07-05-2010,816163.9722558567,1,75.88529359243654,2.8728552884153755,202.9355793216663,5.643418195376595
6,14-05-2010,1093285.9964867053,0,59.28717035405033,3.0957900877383064,196.84735155758455,6.573242883117646
6,21-05-2010,891633.0024662716,0,64.01138394461886,4.074318674714357,189.84178181021602,7.061679849847971
6,28-05-2010,1085763.3000661146,0,73.86211214526288,3.6897410285827537,218.11504812593517,6.917352214961811
6,04-06-2010,834196.6160683275,0,68.73119608315335,3.9519674205430975,176.3706756445816,5.990269295290062
6,11-06-2010,1123830.8522010394,0,101.14990939423397,4.1986132112793815,200.57013136371052,6.352759362011954
6,18-06-2010,988223.638019455,0,47.080716417509294,3.1004039966748733,195.17256477817966,6.046671391741287
6,25-06-2010,1024534.0631989591,0,92.49356916939121,3.319763297897702,205.11415500929954,7.31747193473109
6,02-07-2010,993616.3010713276,0,77.66219554294318,3.461081401493599,198.19520086409375,10.19310756784486
6,09-07-2010,1059750.5816731371,0,44.964178998096315,4.154736448175356,194.31857670165667,5.169231551605134
6,16-07-2010,1040130.3607911374,0,97.4659555243509,4.040024032857325,195.52678104341248,8.281016361735112
6,23-07-2010,1013571.1021054806,0,77.05547350244439,3.9912867318138887,206.5636086982855,7.833807339159365
6,30-07-2010,914448.8625906496,1,53.304493357869184,3.298175768379002,190.44877420650647,7.423599065593461
6,06-08-2010,1412504.983848629,0,38.64934171491454,3.5957604819329823,202.41238137655347,7.521295290595757
6,13-08-2010,1001162.11170849,0,38.75212943706241,3.714153548603824,198.12855734995452,7.985729995679863
6,20-08-2010,1237477.2103129502,0,111.79127284037227,3.097314086474828,205.9644233956067,7.270974538846192
6,27-08-2010,1060838.5839106843,0,39.86914869440717,4.0699392805645225,213.17115067339864,6.881931473008922
6,03-09-2010,575629.0201982812,0,47.84356025811135,3.2508188039037766,209.92688538912793,7.545817174562015
6,10-09-2010,832023.8206978529,0,55.22135801660611,3.3165877940926562,196.0824185095618,6.077589815501497
6,17-09-2010,1323075.1378938884,0,53.5535906157732,2.74077552801763,212.43852932586316,6.896976798602784
6,24-09-2010,1245026.4696335748,1,41.92596278539744,3.6621796408608014,188.20960208840197,8.187679388461564
6,01-10-2010,907076.5405403214,0,64.02319311745678,3.2989666277416645,205.24264677643168,6.490804759514536
6,08-10-2010,1155506.2481629888,0,62.52759159092824,4.469464499529142,189.99668675394426,6.322255029475149
6,15-10-2010,1102781.569931783,0,63.591635638791956,3.8618052936144376,206.67460781639312,5.787910108061735
6,22-10-2010,1166846.5331480321,1,73.45147402405462,4.449940967447608,198.67366253617428,6.025470695329359
6,29-10-2010,1221416.1338573946,0,57.59237672092804,3.62646840713254,199.36553936055853,6.812465879945127
6,05-11-2010,811486.9217113869,0,66.63960661138029,3.5952498398895334,207.0945181713904,6.564513629430157
6,12-11-2010,1102621.1596352165,0,54.80906644832166,3.94433137677548,194.7324456734501,7.659380586186952
6,19-11-2010,922704.6565496052,0,67.34574626802682,4.419091838397561,197.76534017628148,6.650683203881803
6,26-11-2010,996116.0788224535,0,53.93640434331449,2.6968114971954096,207.7923403431361,8.050110596108915
6,03-12-2010,827209.7557158389,0,79.00615183947151,4.355306686290962,198.9555078146253,6.83117827680999
6,10-12-2010,1014010.4326226363,0,83.23756605216381,3.673765188079037,211.63508767954988,7.265155527298887
6,17-12-2010,1128386.1069923101,0,63.79163233197487,4.00052304628357,172.96767707000762,7.677875319530908
6,24-12-2010,869184.8633745152,0,23.387342062870864,3.9429015688008597,202.30009523762837,9.105202401208011
6,31-12-2010,777389.1145872576,0,92.79929058742786,3.8710637455359462,200.75433638901592,5.398034188102832
6,07-01-2011,950787.5023740103,0,43.13506809367617,3.712117129855949,201.4333916760623,8.47907897340576
6,14-01-2011,1122228.7309299086,0,47.54701276531096,3.5973037276186215,192.5752941430195,5.679977488779294
6,21-01-2011,877646.1818189429,0,59.25926405903176,3.389902686496021,179.32145273564007,7.452033344585769
6,28-01-2011,751987.9415058831,0,61.64879505869006,2.771224250267535,196.90790922950137,6.247843594409417
7,05-02-2010,1063834.902083836,0,86.80900892046289,3.688675351381615,198.19510211068365,6.220848348071703
7,12-02-2010,961133.6909159343,0,53.618921286667636,3.1019870715982556,210.76007138598598,7.021311648671942
7,19-02-2010,1380238.1371506015,1,58.786783723707586,3.300444073898625,193.47103227588437,5.622299226883148
7,26-02-2010,628401.5916751191,0,65.34253302022967,3.754362511614967,184.18809297967866,7.895038314076116
7,05-03-2010,903387.7896633121,0,62.93586023971099,3.5724338323287776,193.8522713484308,6.291711537398337
7,12-03-2010,1068563.0324805249,0,16.9636919734139,3.14042334037879,197.88869761172305,6.012820472848816
7,19-03-2010,973748.606581539,0,61.53703765917536,3.7559620455146376,198.31691766037932,8.226405143870384
7,26-03-2010,1231419.2770927916,0,58.02823735431477,3.509424811472424,207.08214423256558,7.233216131263502
7,02-04-2010,1190627.326782649,0,65.74248330403648,3.529175502142739,192.55215793273473,5.302902615013748
7,09-04-2010,870886.1142703049,0,49.02550184518077,3.5464224505705575,201.598563919974,5.972324859074042
7,16-04-2010,1253141.56817294,0,42.676503035709985,3.73548925185339,208.45601514466952,8.840217134841991
7,23-04-2010,850905.301587577,0,80.01164636085957,3.1646898954616773,213.92465300064327,6.749953485401047
7,30-04-2010,1057738.7258559715,1,65.20643677542441,2.590346035667638,193.0681317276358,5.164342367137963
7,07-05-2010,1234249.1578643087,0,80.65092408683314,4.063352568413792,189.09033569784802,6.589185712045415
7,14-05-2010,778859.0663028129,0,55.70157939422529,3.0177978726941537,195.69843364408163,7.049578520484706
7,21-05-2010,967731.1576696413,0,48.75663946843396,3.395389063127736,183.1656180777905,6.194129933503811
7,28-05-2010,1192970.3266194914,0,92.31165647096464,4.44569392477517,195.37903981348603,6.954029992082855
7,04-06-2010,770667.0570958193,0,70.925684960074,3.503211134905469,195.6361410947343,6.890390196074169
7,11-06-2010,982327.4081589329,0,52.59977940235745,2.5981092891109108,196.45012715886713,6.906565929083
7,18-06-2010,1045796.4850122156,0,83.46249275173282,3.684821096099047,198.92697855995772,7.447716925810278
7,25-06-2010,685824.7695863001,0,37.4646506218039,3.5916501060524966,188.19707060410107,8.572814640917182
7,02-07-2010,1050090.4815455554,0,23.97884531694522,3.228663100132989,192.1221624809176,6.379152401748884
7,09-07-2010,966371.2362830421,0,50.55818844605746,3.530557804683694,204.9395187199372,7.961421685367543
7,16-07-2010,635055.1906198522,0,101.48165339499947,3.0403077042067883,174.6971247725367,6.713995778119889
7,23-07-2010,1220191.9269997142,0,99.16694908441187,3.276042760156508,187.24167913430063,6.969855730479149
7,30-07-2010,886458.8431562629,0,65.07479322989147,3.733846585882717,210.85786324939346,7.097983153470896
7,06-08-2010,1061610.1079008204,0,52.16702865156418,3.1672572926548925,208.73169430693466,6.87538220380987
7,13-08-2010,765481.6782294514,1,82.52100501544336,3.474303138205757,182.2696753179312,8.261921500713992
7,20-08-2010,818853.5398274763,0,46.924673227023604,3.6202356246651033,175.80254752588237,9.715946572312882
7,27-08-2010,946056.2936885328,0,58.902119987674276,3.6427770374288286,205.21122428379337,7.645215585950057
7,03-09-2010,1111120.8932006897,0,61.79161362510498,4.082903009604193,197.95545020314776,6.864745674606308
7,10-09-2010,1200713.312036657,0,73.11801553059522,3.5973680973593876,199.81291243554102,6.611481546911114
7,17-09-2010,1224822.5439972028,0,78.95052924245715,3.295019748073613,192.52921920698358,8.145389188547353
7,24-09-2010,893688.6125513887,0,79.06250090752174,3.7565427100486466,207.25095786847996,7.5161782871149585
7,01-10-2010,871703.6809554095,0,68.63845089347882,3.848551427954136,211.82453826605303,7.584503216119309
7,08-10-2010,1089931.18132517,0,59.469574815018795,3.059062674386141,198.36933036056237,6.255097355193551
7,15-10-2010,864964.3450051236,0,57.10962658568965,3.5533935967370867,198.65231420884882,7.030190787210155
7,22-10-2010,1121721.488471348,0,60.02410950724448,3.0914556844659047,206.59245668432405,7.937570137626558
7,29-10-2010,678488.0271262052,0,44.745504428675716,3.9364595933853934,193.70094745281588,6.845075398163724
7,05-11-2010,1140147.2570265795,1,54.70970317378779,2.4980688177966233,206.35418030209226,5.760741605146528
7,12-11-2010,1011986.5260532657,0,65.54753875916383,3.0726635275142917,203.35037125262468,7.007964282647331
7,19-11-2010,1200741.9047621356,0,96.01022363021707,4.119473176469719,202.09659415274626,6.508363814367953
7,26-11-2010,1161424.5193274622,0,40.529076005910625,3.6182908754380985,213.6970877796978,5.844374518331138
7,03-12-2010,1013053.6390685107,0,59.48851375616011,2.615462047555441,193.05286868910943,6.590717561886896
7,10-12-2010,895182.3204130814,0,63.04709744067444,3.1869049838892165,200.15378981372106,7.955096379441477
7,17-12-2010,793426.1542825892,0,76.5019652933527,3.06643489214455,193.41883510924742,6.696273971223335
7,24-12-2010,730825.8153053571,0,43.61484280557005,4.013710767669387,193.3627962302029,6.840405438175004
7,31-12-2010,1188994.3330777464,1,67.80929699857779,3.448389123533752,202.6536234939963,6.417241342388418
7,07-01-2011,512236.5683447142,0,57.314416756273914,3.761121840624005,191.83596013898958,7.191506938792731
7,14-01-2011,1013674.1258620522,0,61.77315181922875,3.598657853702798,193.8234810456565,6.683927143972951
7,21-01-2011,1123154.2299542283,0,84.07768874337633,3.703962508757143,198.75024213641734,4.167480429223792
7,28-01-2011,1003378.1432484967,0,48.98926301016833,2.8896437870429206,194.9185980235269,6.852219681182529
8,05-02-2010,909350.3181953973,0,89.04935068941491,3.3016689200890412,204.8252404882859,6.629409476927548
8,12-02-2010,1420761.218425482,0,73.40961234482425,2.964071383479922,184.46241233983935,7.817889658025028
8,19-02-2010,1075281.9052195032,0,41.95896891284979,4.037587967834229,186.31295456440333,8.54799975392402
8,26-02-2010,847718.491343039,0,53.42763048502031,3.8015937155411716,194.55885997885807,6.837207093927706
8,05-03-2010,1008183.8350791442,0,39.95625088437055,2.737340454883272,188.66184404913116,6.78196412180178
8,12-03-2010,472238.29994802,0,108.25230843225832,3.8923021439490118,199.80739620265607,6.737109170791732
8,19-03-2010,1004493.1785624092,0,70.9423823035042,4.02680619962183,192.7653719112971,7.120756806189467
8,26-03-2010,1309514.0190057852,1,73.4572247193364,3.795907066870689,196.45959289058976,6.426398227103099
8,02-04-2010,1020371.2590523973,0,90.98040302990375,3.9943345846790015,186.48554235108028,7.670219897277339
8,09-04-2010,1135393.2774679074,0,27.981920430469685,3.085751487609877,198.96745239850952,5.356811188845833
8,16-04-2010,964829.1191135858,0,93.22940331456036,3.768545416530572,200.5162637671121,6.794272409172026
8,23-04-2010,869996.6662659093,0,52.49607239352126,3.341142451621883,212.81643795003768,7.557691060725125
8,30-04-2010,777708.4086125935,0,64.9300955686401,2.850936557472685,215.78106807911513,5.829982349401088
8,07-05-2010,1169712.4068951495,0,55.31960281786037,3.7331791872231674,209.873345165891,6.9240489763574775
8,14-05-2010,936030.4953490312,0,63.03515984497481,2.955459941926098,198.44178525670898,7.03786191500895
8,21-05-2010,1116914.5255899136,0,100.47212438459279,3.503399922279999,198.09960964998507,6.642554577189573
8,28-05-2010,963921.6636475185,0,87.45696949353061,3.2181499124710493,199.16966396507226,6.799250836447136
8,04-06-2010,753571.5340370334,0,51.41511159402676,3.79427663488536,184.0187564811625,7.462172666081943
8,11-06-2010,1404861.9246573704,0,32.73651990814379,3.581372207423198,200.41379052585847,7.548708267985032
8,18-06-2010,883770.7909099967,1,68.51774412386072,3.5095738887078762,193.5851309095569,7.487872284871074
8,25-06-2010,1360869.6219573487,0,56.18192416545403,4.1962360814712865,211.7528310782405,7.232155949742035
8,02-07-2010,759373.4795966614,0,53.73883938953691,3.499645702711677,187.49592266030282,7.604515326355367
8,09-07-2010,1176466.6124646817,0,50.958193343338394,3.4230869864008167,191.27070323260435,6.980250906465373
8,16-07-2010,902684.0218652386,0,52.83319695957556,3.1762290971824205,207.44191971499936,6.818775826781897
8,23-07-2010,870125.3923357148,0,86.42608064546025,3.6237559582881023,201.50405438176165,7.100520094508162
8,30-07-2010,1117546.3304959885,0,46.30740348479992,3.8953127995813843,180.29896182288164,7.892597338299309
8,06-08-2010,757765.6141438438,0,74.61528238133049,2.7368645016388937,200.32575577408562,7.2139038682014816
8,13-08-2010,962117.2658036901,0,62.117889062304684,3.792206490236242,219.76440584515484,5.435758388288948
8,20-08-2010,1323442.5149937249,0,62.087118750464256,3.8896369436970817,197.09424896902638,8.411050901059223
8,27-08-2010,918917.9984772443,0,30.97648619896882,3.493955526076973,187.47606555586881,7.363631882624968
8,03-09-2010,1177377.47801946,0,51.584764126378936,3.5055707815243786,207.09641290505806,8.265629535585632
8,10-09-2010,926240.8126644329,0,84.71564383644308,2.9644731601754755,206.8021610545045,8.192507512477976
8,17-09-2010,644282.4831986966,0,66.39303651837955,3.8451184001901364,174.416316167429,6.26848659610367
8,24-09-2010,795360.8977363411,0,73.58746565913006,2.925602982420672,206.6631250090921,7.4625912928539515
8,01-10-2010,654838.6542418806,0,46.4487069532869,3.9317983296232955,205.79643229322647,6.539736598416677
8,08-10-2010,772907.8212603739,1,48.049796106167165,4.211184930849254,217.3889966379758,7.978858050781795
8,15-10-2010,1017063.6285130049,0,43.834685567181474,3.7401523265066494,194.30616299851872,7.568480225274598
8,22-10-2010,1021061.8641758173,0,73.00900185072278,2.748459849120091,210.5194761772292,6.001939372685587
8,29-10-2010,923205.7456095297,0,65.00400412503389,2.3454081343575672,201.5705360540145,8.081942059740848
8,05-11-2010,1199106.4938166162,0,64.60141518382804,3.7488715445456973,206.6592425205446,7.4215866106144555
8,12-11-2010,1167788.1000939223,0,47.65493626906154,2.8504416778494663,187.7778819132708,8.058207046943908
8,19-11-2010,1187512.024440953,0,59.88807962341907,3.8343708277962563,189.08299123860687,6.612900297525599
8,26-11-2010,1139107.5515131555,0,76.98204221486287,3.4698555043041943,204.5479516964238,7.7741314616193655
8,03-12-2010,799712.5846989844,0,70.0133144276242,3.52488684359048,200.07063158628176,6.339678860526553
8,10-12-2010,1139765.6840405068,0,68.4194588877878,3.6218185235137605,213.86758066131154,6.003608310832933
8,17-12-2010,944025.3827667957,0,50.42325087983192,3.06861211797844,206.93478911913994,6.6079873600808705
8,24-12-2010,1211987.2768093243,0,72.34011899153396,4.055789328565984,219.3470599843339,7.069746848841049
8,31-12-2010,872047.0945111734,0,39.41256983635857,2.823664857078233,184.77640813782108,8.112688374989926
8,07-01-2011,874147.3212614423,0,90.67455419832999,3.148172725216744,209.31979754959576,8.813343951982775
8,14-01-2011,868513.5684893724,0,56.88203644126665,3.2258563517546994,201.60018225852787,7.501782736167545
8,21-01-2011,1223479.7631804922,0,88.96998459785853,4.260169618654752,195.05219054233118,6.7057351282064435
8,28-01-2011,894392.600429409,0,66.87575763099771,3.475673824214774,200.32796995411587,6.241504665299931
9,05-02-2010,953919.8571588466,0,41.51533711463391,3.178621348525721,217.01521070420733,5.891742538184014
9,12-02-2010,667751.3674587156,0,58.331240604192786,2.775177390150735,190.78140186874685,5.996042627918501
9,19-02-2010,1041453.4658797887,0,61.38688674072501,3.4583078623628536,201.8569258974106,7.197327262595211
9,26-02-2010,837454.4086163136,0,34.00837526144805,3.9148662089395874,208.1139655449159,5.851736711247382
9,05-03-2010,1163755.5287509721,0,90.75863836825106,3.827800713774754,184.63476385056217,6.785089644849922
9,12-03-2010,1055358.6898650576,0,80.94635413242897,4.084794996213887,197.70609255931973,6.956523050186138
9,19-03-2010,693778.4994888556,0,70.2850951203567,3.4451152480919287,204.97485257305658,6.614616672474784
9,26-03-2010,1084090.4954495118,0,59.52895698251524,3.412822871048582,202.2530792204094,6.630473071166642
9,02-04-2010,973705.4808656664,0,76.52094342883012,4.338731465156303,195.0755392566948,7.01580754411184
9,09-04-2010,982648.8498902111,0,34.154746097887625,3.844853902622597,194.97025229448656,7.263487215331059
9,16-04-2010,1058844.8258026987,0,55.31184399367356,3.150697582201973,191.29482894152312,8.70501414720703
9,23-04-2010,939839.3375566142,0,48.39893517259914,3.6197022502676885,204.99685110302934,7.472002270919274
9,30-04-2010,1015191.0535832174,0,74.85364836719445,4.208510206490813,206.8133950318561,7.1543366870644105
9,07-05-2010,1342387.439163406,0,73.66657985622139,3.395343090210319,210.7297804776601,9.363872494619361
9,14-05-2010,842802.7934730035,0,32.3791079369245,4.053482383151321,206.4118666241107,9.141383118511078
9,21-05-2010,849879.420483757,0,47.882783584822135,4.359688953103649,219.9251535316812,6.2333434122166524
9,28-05-2010,890088.5728182839,0,77.19175773959604,3.154806686930662,200.04093007675456,7.793169366793098
9,04-06-2010,996692.8499504749,0,50.13754355200456,4.221816001734407,187.43493105720745,7.813205186747977
9,11-06-2010,944207.4139336383,0,54.40479663008331,3.771352198988362,189.6114021021312,7.135718590547999
9,18-06-2010,1032982.0286853114,0,53.37383233633354,3.193881632746125,189.14849473442203,6.174589470021045
9,25-06-2010,1589818.885061745,0,84.89359161473573,4.0244849712955855,195.3319688130747,6.331929347902229
9,02-07-2010,1201107.045194912,1,57.490914799942,3.6639397620796785,200.8589300629333,4.780699627252465
9,09-07-2010,954040.0738849612,0,42.97187131479373,2.7996630044407187,200.14332059844156,7.417673698483787
9,16-07-2010,1169399.4175378918,0,68.40188980903683,3.8034252966078355,220.56543564829542,5.869111564674085
9,23-07-2010,1094726.4153622908,0,41.47237740036923,2.981491215306117,207.43815698500458,7.112104946824517
9,30-07-2010,1348927.8346517363,0,45.80840290501655,2.8707475446623327,197.8298294957563,6.6915172115441806
9,06-08-2010,1485343.2972691045,0,68.65919650721392,3.4269565892341602,194.0707346695198,6.263013819583245
9,13-08-2010,860302.2408552612,1,80.42766590858797,4.5442213864349625,184.1401668776204,5.120075614860955
9,20-08-2010,1374193.0350743565,0,67.79228354741808,3.5002227470937726,187.02831378115124,8.015228091665072
9,27-08-2010,951753.7867405297,0,39.72208095414925,3.5428435807016796,190.74575373940414,7.255383755674317
9,03-09-2010,820930.7355273952,0,51.837983216795585,3.263574288825178,187.155696255924,6.867912994480856
9,10-09-2010,1035350.9586604099,0,54.00646703986426,3.4748976914791276,226.20793091029975,5.888032974225837
9,17-09-2010,1292835.4477504874,0,79.93717546931616,4.122249038010529,201.32020922617556,7.3614420369473255
9,24-09-2010,1067669.3333843183,0,81.92938467621767,3.187161356251894,186.80752805401232,6.797019362604343
9,01-10-2010,839992.2871204708,0,58.7295085076929,3.3621489035395666,209.40696143822683,7.4961649055979365
9,08-10-2010,1008853.5946698227,0,47.86599410469407,3.6056418461397364,212.00078956426862,6.508097552493795
9,15-10-2010,624689.4587916252,0,72.39422891932273,2.872850568532124,185.29091242812402,6.813228085804709
9,22-10-2010,876478.1636398426,0,77.94132393774265,4.137437520639361,206.51521991339507,5.862314329575184
9,29-10-2010,959701.6932104965,0,59.869573695410836,3.6342669932324045,215.13009266003988,8.396596891581265
9,05-11-2010,1082929.5970209565,0,61.67653255858722,4.205229572601752,204.09762795959497,6.138912089826429
9,12-11-2010,1280673.994025038,0,73.95806545078055,3.5754351066387673,198.82125935418404,7.356002629225026
9,19-11-2010,1043599.4821332275,0,93.99914749152761,4.035771576117443,201.90635591265024,7.9413105807674835
9,26-11-2010,793495.2192944922,0,67.95854099893617,3.0060846595397672,209.33232448315636,6.369687520747019
9,03-12-2010,798388.9045776103,0,52.58983802819942,2.797216490410679,200.15618333949604,7.902277173786647
9,10-12-2010,818448.7639706159,0,90.38567847283538,4.054168843318575,205.96782779674976,7.926605508044407
9,17-12-2010,780289.8318387211,0,63.436786795870624,3.776625609992392,188.24405394375148,6.104930157723396
9,24-12-2010,1119445.643650677,0,41.033039915515985,2.737035140613702,206.17874800464568,8.04451398624346
9,31-12-2010,1107435.6855251521,0,46.064563631408504,3.7910132835423633,202.60442263333556,6.461158143807261
9,07-01-2011,798289.0631847584,0,20.74748616654842,3.3336813408245205,204.9154212087731,6.461962756862578
9,14-01-2011,1013383.1448474737,0,73.58285550876391,3.348977250255068,196.70552213652908,7.731870704288296
9,21-01-2011,1067011.6058168234,0,66.32311914365556,3.146353309682019,201.25365315765168,8.161398787431406
9,28-01-2011,837748.5761725615,0,39.66633742847006,3.3779597631628993,199.6069271237237,6.865503215598268
10,05-02-2010,1066771.993313707,0,88.62733563662367,2.899348325116083,206.91881144855088,8.334903247843444
10,12-02-2010,1125949.975679735,0,67.73617041378405,4.045490212592983,220.12270445700764,8.023709546106982
10,19-02-2010,1049861.7191283458,0,80.90176948169507,4.3843858916297105,195.07856484803997,5.645981641501596
10,26-02-2010,889361.5633130226,0,67.35298585982844,2.449986746174188,206.25508016831037,7.885231482988991
10,05-03-2010,881528.8088695892,0,62.47095391911164,4.094757521332521,211.71120631033926,7.558291674755797
10,12-03-2010,967925.7998835103,0,99.25174381061589,3.5018478359239236,210.11463035408357,8.34147591553088
10,19-03-2010,851503.1534923231,0,50.29388329264263,2.8969998994637653,203.73493269401723,6.602295886093082
10,26-03-2010,1363989.770109934,0,53.297244376570966,3.6711689172448105,215.54160420714774,7.853975976552224
10,02-04-2010,1082973.100072382,1,69.26577060236212,3.009869411851245,230.6194696540622,5.896817242691767
10,09-04-2010,937491.4525799671,0,67.7264663562312,3.397764389506939,217.5547569831549,8.573019725214856
10,16-04-2010,906838.8861763674,0,56.983245768666094,3.0962822992651926,198.50994800636136,7.931571268681065
10,23-04-2010,1052253.3368263799,0,37.38769330124947,3.8113556119501344,206.2952958422181,6.195684240340007
10,30-04-2010,1179071.08615252,1,47.368445416693376,3.6443269654037422,200.74776267921968,8.19249655903147
10,07-05-2010,975977.2713577261,0,49.67140712224857,3.4017667082859515,197.9414056911966,6.253421653459761
10,14-05-2010,964645.1673768436,0,29.027634022725067,2.648893366959994,195.3718431366049,6.387305354122391
10,21-05-2010,1210379.011453121,0,50.255941576101456,3.3240393410917455,192.3000393380254,5.703883335750105
10,28-05-2010,908775.8345051623,0,63.628532402279426,3.310297750507079,203.32065249164407,7.881183343042006
10,04-06-2010,923951.6888139594,0,59.371216592504474,3.0757856829045926,205.731278132412,5.214133508065888
10,11-06-2010,928074.0655095075,0,66.02214678383484,2.9171642048556676,200.180416486341,5.573621077718592
10,18-06-2010,1156272.444472502,0,58.38800501406478,3.0834719714996206,209.15390275560162,6.450459725404465
10,25-06-2010,976646.8168409506,0,47.288843171911935,3.7709210446681585,216.41159539091575,8.129473589343947
10,02-07-2010,1136338.137980761,0,67.87594596432503,2.536163710327195,197.21116605849244,7.845157971184322
10,09-07-2010,990220.5633051789,0,31.8962030639285,1.837622140044452,185.31076536329806,6.575551296857519
10,16-07-2010,1207165.0476835137,0,25.92256826346562,3.0377670059352226,215.62888768508196,6.726006918170696
10,23-07-2010,951323.2041249964,1,54.00323607450239,3.6309751746706564,187.44892250743365,6.6488037981962345
10,30-07-2010,1536934.8476128147,0,65.9124897749419,2.7416787252896047,214.76934426118274,5.832220448732065
10,06-08-2010,1043355.1127525258,0,38.053949447343115,3.045674852129281,192.84951817033374,7.44198600639503
10,13-08-2010,913922.9047205967,0,37.9027441387496,3.6102707135069334,212.1795915230556,6.486803635486604
10,20-08-2010,856416.2218504796,0,55.389507496394984,3.7007803041938594,204.68315584939137,7.51999907579781
10,27-08-2010,804432.5599257429,0,68.17214615403535,3.346095764430558,191.6141420155277,6.113319077716543
10,03-09-2010,1106963.467269182,0,84.57961004978124,3.429099187501956,188.161148239475,6.28545299152913
10,10-09-2010,947658.9864643547,0,41.26987250420808,3.166110221765557,202.92192728326373,6.812670981593626
10,17-09-2010,552353.7533350056,0,17.585996947298675,3.477628409618701,187.86058293842618,8.939192569099466
10,24-09-2010,719799.4323687833,1,49.475042869651574,4.194168889104224,196.14978188287137,7.382988984740928
10,01-10-2010,1028251.4280174926,0,17.38867040385599,3.5106402185520316,208.86732359554543,6.3491672743700365
10,08-10-2010,1000369.1910462012,0,18.31774121002823,4.362348324880554,197.12552480599643,7.287328904403009
10,15-10-2010,990897.5509397516,0,51.51527333203913,3.6245893358569488,191.06506766112392,6.185405206829561
10,22-10-2010,890748.1923747918,0,50.99974284008373,4.128574608431286,194.64664912983778,7.35845361820962
10,29-10-2010,853808.7448569053,0,75.1584369984724,3.8714297397886157,201.13869400309684,6.360008183222551
10,05-11-2010,966755.7030579699,0,61.961350790778894,4.147935890931507,192.8116761239127,7.745005312877281
10,12-11-2010,961060.5407766637,1,58.71623645783004,3.7527021367154987,201.95845247010686,7.695020695088224
10,19-11-2010,707555.0520620316,0,77.38309184993793,3.2722302369880647,191.10759171771676,7.955300558237753
10,26-11-2010,1175209.358505959,1,89.45341351501963,2.955840256485473,187.20629504147155,6.8914070292875556
10,03-12-2010,840130.3093247988,0,79.93141021158894,3.266752310385901,206.40479795200824,6.809496894002189
10,10-12-2010,1064811.405644312,0,37.04617220368665,3.4724008828563115,204.84878681532132,5.350966564650694
10,17-12-2010,1001976.1219659527,0,84.11989033093633,3.8887036763822556,204.6667098196608,8.52100622715938
10,24-12-2010,810216.6958350325,0,94.94726395831117,3.364920003808668,205.93926734422644,5.895588722488416
10,31-12-2010,1184794.091716881,0,49.420445838719694,2.9717211786198736,212.23083067095325,6.741145599630168
10,07-01-2011,1070500.9936713758,0,48.592972671726386,3.468667738233718,181.49368358305148,7.780342811616446
10,14-01-2011,675040.4019794022,0,78.22725444349443,3.55287689563574,212.63706677654667,6.153684022534264
10,21-01-2011,1108695.8757340186,0,63.99620867437427,4.454709326146747,208.09889321661117,6.78326348559576
10,28-01-2011,1171862.7582245944,0,57.545821328085516,3.5466861871383255,188.69796275326075,9.411676675578422
11,05-02-2010,1303278.8110507145,0,72.04236640784967,3.7116709743042877,220.80765904039188,5.255669280721742
11,12-02-2010,1116448.8955127522,1,21.843848842452182,3.069807494610249,195.86394466578355,8.88768765734019
11,19-02-2010,1111310.6249067516,0,33.29036861800218,2.5672274494609386,210.2865437945589,7.42956300020348
11,26-02-2010,1086677.723146779,0,34.256728628315,2.8014409074435043,194.16400673653996,8.038378851019317
11,05-03-2010,696130.7849046316,0,3.3568880377886217,3.2222153260260358,186.9865647316442,7.484446605278938
11,12-03-2010,1092333.2589422727,0,22.605166006091586,3.3057396124084955,201.90423889925057,7.4492187212850345
11,19-03-2010,898038.6613618234,0,60.688820234116825,2.92633901617583,196.8757820850495,7.160577349615641
11,26-03-2010,1010661.4841197521,0,53.1490159828447,3.5852318854982856,190.3726743471539,6.793388720303954
11,02-04-2010,1122043.2339178445,0,63.13945921936868,3.391773888614276,193.6971355593486,4.8147031526650945
11,09-04-2010,1228767.3452840783,0,68.5097986648046,4.098623461822614,186.28326302769534,6.290558997572454
11,16-04-2010,942290.260824859,0,44.32492957751143,4.078673155861783,212.86597369397623,6.834471848646673
11,23-04-2010,864123.08603873,0,66.3490652250035,3.333569797808744,199.06613141100053,6.470667887551629
11,30-04-2010,697105.9381638466,0,66.43186422678477,3.6767739315993384,197.44069438330246,8.370409693983866
11,07-05-2010,1285891.5604088015,0,64.04657592845604,4.315928449544554,192.6696700447601,8.818061922557824
11,14-05-2010,1155031.0988069566,0,71.06080171704717,3.57593880480697,212.5481194346917,6.767870681451545
11,21-05-2010,1232922.9980620714,0,56.28308495614505,3.6549994915827777,199.43411511100103,8.218970789793664
11,28-05-2010,609779.627192275,0,62.8717587301032,3.3871716483909657,199.14391910528755,8.507633558913684
11,04-06-2010,861569.557584622,0,80.83449328117703,3.7917721515059437,198.7048275313656,7.579857285295132
11,11-06-2010,858621.4864025302,1,77.11111318041424,3.5367172596205596,196.63621336889597,8.282363474115604
11,18-06-2010,1217547.9686467494,0,34.13716912482705,3.786195155587838,204.5060341286254,5.130183660467836
11,25-06-2010,767643.2312175273,0,54.33722206512466,4.24805111671278,195.2401139761363,6.159529064314069
11,02-07-2010,955050.8758970031,0,80.97414252833127,4.327703556544147,195.16438516153463,6.387833082845179
11,09-07-2010,1098241.5330823993,1,52.83941240506027,3.203048413989849,198.9377850615799,7.083481125519851
11,16-07-2010,896004.9823184956,0,61.453610486586825,3.29425342771891,199.1076584577855,6.962429355020519
11,23-07-2010,653759.739311015,1,89.89876454906472,2.633086822758166,203.40952690221627,5.980493797615813
11,30-07-2010,1186885.5566462614,1,76.93541550432988,2.4363862898242523,199.00905699758732,6.397179344216038
11,06-08-2010,1086452.590126831,0,69.40088374736405,3.8178307983754802,194.5125086658518,5.0145389795822375
11,13-08-2010,877995.4045003288,0,1.8602356135671698,3.312588971689097,189.61456179156028,5.3687241845390545
11,20-08-2010,752514.6723554855,0,62.1881694366594,3.804221034737096,207.14318935873652,6.828052065088724
11,27-08-2010,966066.3682437555,0,36.91274663534031,2.6240855966241403,196.10076293440554,7.158053489920132
11,03-09-2010,980675.265997022,0,51.68066144105283,3.7625951951688643,188.62192840346364,7.523395016902016
11,10-09-2010,934882.5285693756,0,39.9556596214655,3.1237823813234824,185.33214809384322,6.498597853114363
11,17-09-2010,1195062.491695596,0,70.31256176887914,3.3122530568238915,211.82352844091784,7.481783707861284
11,24-09-2010,860827.7159710448,0,36.064227071473766,3.9468488446945553,208.9295387010877,8.829620201716088
11,01-10-2010,918062.6814741006,0,74.24644319160325,2.8429270727723917,217.66655489291435,5.163928012497461
11,08-10-2010,843101.871351578,0,52.553618941241545,3.7186565935194804,201.85175536829914,7.425444864184172
11,15-10-2010,1044457.9711601709,0,85.57731626626787,3.8317238645757556,192.7575346794166,7.586332975578137
11,22-10-2010,920774.7804021542,0,78.00797176790127,3.7256126596592543,211.83493666889927,5.821959132623619
11,29-10-2010,1333444.8223102274,0,90.46477243424516,2.6397771948816438,218.27680982949695,7.917967670666362
11,05-11-2010,846827.9819827394,0,38.99718520795709,3.8787475746687425,213.70536143996713,7.695202900083999
11,12-11-2010,1056750.2047323002,0,40.24253318198502,3.3569156816560146,178.85133704983008,6.79097890034864
11,19-11-2010,1106697.0153649056,0,38.58295162631123,4.455709543569862,187.19544428997534,7.189479821221081
11,26-11-2010,1201488.7946390398,1,34.90154663995415,4.311096550774715,219.51142048297794,6.2269165444295185
11,03-12-2010,1000100.0130067259,0,26.628014822436093,4.02936426494194,198.27198262603537,7.771920154836675
11,10-12-2010,1088261.430339849,0,45.33687605780007,4.450779627556835,202.4481937389454,7.111276768053275
11,17-12-2010,1030486.9533748372,0,67.35239680419421,3.574044709899138,191.18931663338708,6.287779236350949
11,24-12-2010,1237346.9240354663,0,88.72670811411957,4.082516052419729,187.54406088385446,5.029999544581126
11,31-12-2010,1141743.7347035862,0,64.62891845051145,3.8232447688628852,197.84332362452366,6.127038909546299
11,07-01-2011,1176281.5057847141,0,74.42270725091163,2.8512451800088847,192.42143803994125,7.024857503751269
11,14-01-2011,939909.0262364497,0,61.591957247520725,3.7770288855579537,191.38296929743743,7.030031479164082
11,21-01-2011,569523.291078164,0,77.52911291005871,2.8055459144854464,194.04896561352277,6.717113279480374
11,28-01-2011,876185.4526965583,0,88.37062690296074,2.25609567173246,212.76965386088187,7.338023481101708
12,05-02-2010,758595.6704285569,0,38.49375213901524,4.102978008952271,211.41853244810972,6.207701607795894
12,12-02-2010,920180.2292358149,0,64.33249950809238,2.9871236581798613,211.00821398422605,8.061370964873134
12,19-02-2010,1106401.2397643887,0,67.23322122494034,3.8725152814564,214.39445715153136,6.540451058838244
12,26-02-2010,652377.6720909227,0,52.77074466612029,3.708223019050726,199.46095150994262,6.017696419622686
12,05-03-2010,1224371.571246094,0,106.40081444034519,4.09024543898648,222.7840198652923,7.657364963389571
12,12-03-2010,745918.2512041139,0,59.951923181622924,3.205364174105347,189.0783636728191,7.8347513263248825
12,19-03-2010,1182754.3242771171,0,29.085404266185336,3.672537688472925,212.86503119071932,6.197845408490356
12,26-03-2010,1273230.9256547296,0,32.68351689169123,3.4255153451163514,205.02784426895195,8.796360822926964
12,02-04-2010,1141215.7827630262,0,55.14637446375933,3.3129098620049082,198.44434305478165,7.766196009174108
12,09-04-2010,1202082.765250131,0,40.7058914849857,4.314234277386161,197.15615350393492,8.59058207261785
12,16-04-2010,1135786.2580118557,0,57.26009021115083,3.6090125460662823,190.2118575391886,6.911955530823956
12,23-04-2010,1067650.4975058357,0,61.571540594382995,2.435632952792594,204.581681147887,6.020278775283193
12,30-04-2010,769333.519358851,0,26.253113057785797,3.3933351003453653,209.59956674433747,8.5834772772496
12,07-05-2010,776444.231952606,0,49.482406482095925,3.5888750531340157,204.00481386506328,7.1310651862158485
12,14-05-2010,984511.3078548013,0,36.0941247280151,2.601630993510973,214.90379470192983,6.166626441204565
12,21-05-2010,927682.2838848814,0,70.1193110691173,3.1358638987966936,221.65056067806603,8.190548594343596
12,28-05-2010,1042514.806126443,0,80.53972526639464,3.592433941926317,213.90732487591544,7.123917426342644
12,04-06-2010,841658.129886481,1,28.460070356180054,3.0985877780245787,199.26027136405622,6.92433439567417
12,11-06-2010,1394508.4353579616,0,32.28024115202004,4.101238873826504,203.17146984710476,6.954138740630978
12,18-06-2010,833745.8452095378,0,69.82858905440399,3.7848801785993236,201.95481731553292,6.901154798760694
12,25-06-2010,1087195.0779000092,0,9.35507829560629,3.5933810274241202,204.72663056076715,8.379162588197499
12,02-07-2010,983323.9711123069,1,46.50131962418895,3.2984620054674845,219.91553302204733,6.167938695150143
12,09-07-2010,889976.9434126923,0,57.059491531383,3.382832544478968,208.07444718008352,6.706594484157955
12,16-07-2010,710116.0541645163,0,68.51687317259658,3.709102877943986,182.23988245951597,8.063940987560857
12,23-07-2010,1050513.7691993248,0,87.69064095187812,4.120573671939363,205.73687030002554,5.47840315736733
12,30-07-2010,1349347.7875016693,1,105.44869440893763,3.944518561139946,205.73744421004415,5.723695583461664
12,06-08-2010,742338.4765072925,0,65.85430964283707,4.200199897397641,205.5422470394604,5.455622646651614
12,13-08-2010,1026454.5580994843,0,57.76982345714113,3.0975167595737196,196.12300083591438,6.586384334370357
12,20-08-2010,904470.8834791989,0,34.8972925605321,3.643097379524011,175.0150641212855,4.623567143662136
12,27-08-2010,932261.732015625,0,60.37638099481197,2.914172826341219,216.95722877810866,8.897288694773112
12,03-09-2010,1031338.7456493049,1,80.47061288370689,4.55183655153086,205.96397069117654,6.512006683792775
12,10-09-2010,1164193.3768736802,0,58.17200884981771,3.4595607510672695,200.52258490497482,5.939394933603399
12,17-09-2010,856596.7701744128,1,34.308314686000614,3.6595801450459953,201.31020762078697,6.666221129161113
12,24-09-2010,797545.3286325969,0,83.0718068663385,4.193174698631422,196.9781941301738,4.396862912172701
12,01-10-2010,927737.8876065419,0,58.716316774223614,3.5551948195538485,205.0742092783329,6.084075272737573
12,08-10-2010,1226858.9587776426,0,53.45965364780458,3.393271610324781,204.96199187363317,6.464683287432341
12,15-10-2010,1102299.9150723722,0,98.70308080120458,3.0512542184163953,186.87817522472218,7.502714891773257
12,22-10-2010,930341.3092837086,0,49.96431614376936,2.8137672260579496,203.2297450361767,6.938996028144617
12,29-10-2010,1100048.093887314,0,49.32799387121666,3.222972353293608,215.99156684528614,8.20101476117189
12,05-11-2010,1056589.236901497,0,44.088858641182355,3.712196968930506,212.7951866976016,4.783181160645936
12,12-11-2010,1100548.961498163,1,10.134583593398446,3.69922456142894,191.71602545206352,5.998937786615567
12,19-11-2010,943263.0612643695,0,48.36435933215892,2.9130600177955137,198.0206227101532,9.067906338163553
12,26-11-2010,633663.5505587948,0,38.97380176721311,2.909858198088564,202.6354674057817,9.569907035475335
12,03-12-2010,728357.6662947609,0,73.57893975524466,3.09379882553129,199.50970659161962,6.839639918955169
12,10-12-2010,1066170.2609231155,0,89.02002876262672,3.8074206986514865,217.78655126538249,7.6569471123242785
12,17-12-2010,1165613.215274476,0,37.76839500972898,3.4820872106467684,194.68545448640785,5.432140574634544
12,24-12-2010,1069341.995520984,0,110.23113103168848,3.499131738362152,197.72112018449337,7.993929757121652
12,31-12-2010,818358.7635422859,0,72.81085870149548,3.5615391008280906,198.8687194748426,5.700783636554176
12,07-01-2011,1046557.3485880328,0,44.86472045968147,3.7897094914494844,174.89164998598548,6.961859914558351
12,14-01-2011,1009960.5581805665,0,64.58149376411406,4.037159006357781,202.24339656778082,7.904017554761315
12,21-01-2011,940503.5598252299,0,86.23967477147893,3.572171733648347,208.26641535389896,6.427805929706556
12,28-01-2011,841997.4395837848,0,43.69248743367758,2.9668825340503875,221.24771403016962,8.331339061988404
13,05-02-2010,1384073.5004288522,0,35.54209960888872,2.7554267910504358,200.94124267789277,6.280993332318596
13,12-02-2010,687382.1003679172,0,81.36758667388033,3.802060444794259,223.03638752104789,5.5205557768602755
13,19-02-2010,1251846.64795736,1,82.92881740801455,3.82474868242962,196.36080606510365,6.723364130838553
13,26-02-2010,1090178.275042503,0,100.99624191571851,3.5003414094787413,207.8213000153146,6.209100618332447
13,05-03-2010,844029.4107556723,0,81.63969618499884,3.779850236205711,201.87538784413962,8.004376634763132
13,12-03-2010,859892.6343980923,0,40.283923826643466,3.3579224510356016,211.9476286187694,7.894647187573872
13,19-03-2010,725428.1097037871,0,67.02959800704403,3.1563867345429952,182.20570551148373,8.290261129046065
13,26-03-2010,1152821.059265619,0,29.14396969580708,3.1836224850574806,205.96441137581752,6.365714152310597
13,02-04-2010,952806.0025578056,0,74.8837142063007,2.745906072823036,188.43021524857707,6.976975145553499
13,09-04-2010,854264.3866108418,0,43.7799827274231,2.9429767749190034,202.5866114785539,7.21273977585766
13,16-04-2010,1156574.7469897144,0,51.37748860849802,3.217509044483962,204.23212374457017,7.331485262021759
13,23-04-2010,1028353.1717922159,0,60.14356933815884,2.456761170814458,201.6048962397348,9.212531039397241
13,30-04-2010,927992.1462486035,0,45.43845804289358,3.435550407940905,203.4065413641214,8.203047852205925
13,07-05-2010,1155084.7466178748,0,57.15706926118908,3.669343658960845,210.29457481598357,7.87231538002845
13,14-05-2010,771396.1375852543,0,76.40316373510969,3.398136435979201,218.0651621066201,6.6492895553765035
13,21-05-2010,1209998.8334901137,0,63.57389433620951,4.1146073921485256,206.03094684948834,6.149464721252956
13,28-05-2010,1497037.9833357784,0,65.2955062195596,3.6894052647482964,203.77829221222157,6.40692786556777
13,04-06-2010,1062941.2615108937,0,84.36389423508513,4.028684152689112,208.72197000072978,6.684913268805891
13,11-06-2010,885650.7916087877,0,66.65215020648395,3.536362313701644,201.8729554982322,5.614571731885509
13,18-06-2010,1158657.081033025,0,57.192498821893274,3.653806334094598,194.75432986232948,8.352202678867144
13,25-06-2010,1084813.3723036903,0,60.78894096481479,2.8158655306371854,187.46704372696735,4.277722259076855
13,02-07-2010,1188509.0456906944,0,124.86185939189467,4.653958125308055,198.18550930752482,6.893662997468685
13,09-07-2010,1199116.302800406,0,94.06345219836075,4.1996416706350255,196.18067728274636,7.510227645169607
13,16-07-2010,903041.8647286214,0,36.006049432693835,2.3419280685155615,208.58014195302144,6.171803727034765
13,23-07-2010,596302.4271222724,0,62.901274919187635,3.4986248794829087,200.21060198364358,6.771661664700558
13,30-07-2010,1123961.8215060602,0,52.588344751984344,2.8259764440299167,192.85319323009568,7.521279905013815
13,06-08-2010,1064335.7082753,0,63.361196119336405,3.51695039206273,189.5815245455947,5.766502416055097
13,13-08-2010,702072.5157127781,0,48.281446533644896,3.664553389355065,212.52842634427483,6.551775383699851
13,20-08-2010,861549.9341468208,0,20.62153715167834,4.0692077603278545,200.2801291535889,6.787571070089533
13,27-08-2010,1300842.8565659847,1,66.44164621533972,3.494453998025699,191.8698562773987,7.8232799156777055
13,03-09-2010,1045152.3046223508,0,60.352265038673146,3.644205574358031,194.37307975559767,5.578846859854378
13,10-09-2010,896572.5839102475,0,80.03649707363874,3.2512145808073964,192.17996507488962,6.240296882519713
13,17-09-2010,645786.2893823818,0,69.43084760836412,3.960005730002698,196.98636879559814,6.984082154997758
13,24-09-2010,1183202.063958218,0,56.99359079456256,3.336651893406818,189.57422305329425,5.82776624656336
13,01-10-2010,1092873.972709315,0,48.98896136583025,3.0543915259790504,203.19632675917475,7.485001291523228
13,08-10-2010,906435.5634335468,0,71.72331600785567,3.29379309089176,202.57198970355927,6.759334825469787
13,15-10-2010,1001576.0369389456,0,53.48777895702993,3.180384719359934,191.09110388057942,6.147798368678417
13,22-10-2010,707446.7385777759,0,35.65434615559042,3.5797312534020644,191.07212484508116,7.513614464231097
13,29-10-2010,1006942.7497505124,0,20.629915731238924,3.895189262521426,213.00526858596007,7.163405474022404
13,05-11-2010,760875.2458289575,0,34.710031860900685,2.6034467737327116,196.17182810387033,6.876271053725164
13,12-11-2010,920464.0612770792,1,36.31938883554881,3.7017344590539585,194.5064014506456,8.314779825596503
13,19-11-2010,886897.7423564708,0,36.47653326890439,3.7437801485433595,211.8189109295996,7.480908092748895
13,26-11-2010,959495.154587034,0,49.43405906674042,2.799045966141881,213.20184197198418,7.297604942797122
13,03-12-2010,783125.7583085755,0,40.639084829795095,3.3448461473075484,193.85676855903705,6.290211007766465
13,10-12-2010,1195777.911711356,0,32.56513741472989,3.0074027986063263,214.0494232921812,6.512610583709895
13,17-12-2010,1106729.5990737774,0,49.50675185866394,3.7468274238215753,212.96063061781396,5.892843183197549
13,24-12-2010,926898.8126029468,0,56.974015595349556,3.1979161983420727,186.16537488171633,6.46382783337601
13,31-12-2010,947192.4476011198,1,59.85910029038891,3.3921952107159887,196.28142117721333,6.271538378319657
13,07-01-2011,1063904.934156591,0,93.07234536984569,4.2726285848773715,224.14217312238733,6.529756407696719
13,14-01-2011,914187.2246197084,1,38.05263362057867,2.7615375362340493,192.60628592540962,8.191899334413574
13,21-01-2011,1190003.165733929,0,64.860094441088,3.3798358812834928,183.3013233332627,7.743901676880293
13,28-01-2011,833458.9562789095,1,23.124128330385084,3.054841075990064,199.35922235851282,7.53629090951719
14,05-02-2010,560774.4357800107,1,56.75752049040283,4.2566681391778625,203.9802802996187,6.458874627465157
14,12-02-2010,1213374.017675208,0,52.13894485877198,4.00081591260428,213.93454527524432,7.710549102297786
14,19-02-2010,1085868.1645603469,0,67.5927929677193,3.4377863384467906,194.30972637724807,6.445662032686669
14,26-02-2010,1387997.678295267,0,86.50864218190156,2.7965924952512307,205.8590420116465,6.263229864052378
14,05-03-2010,716946.5616151625,0,64.37068084821891,3.441744810826509,216.64801829240452,6.115841520056232
14,12-03-2010,482316.67355916003,0,97.11006629588526,3.612117372267646,196.535734939931,5.388432640897172
14,19-03-2010,947468.0959367665,0,53.272261091777274,3.8763411576430284,188.1253459826156,7.1815133315075546
14,26-03-2010,1242994.7022584474,0,73.43062343458107,4.264015679693916,208.8750396741406,7.760846654311478
14,02-04-2010,1012017.1989230327,0,67.76624010846899,3.2143128737913615,201.96563547642464,8.008004004293259
14,09-04-2010,890079.0830670332,0,48.06051426557852,2.304847816265281,195.8777925497553,7.9134737320174064
14,16-04-2010,1107525.9805899758,0,68.56372495621153,2.895910588177206,197.4841916923442,7.314479472483405
14,23-04-2010,1367620.141592327,0,48.38703394892098,3.194307376305686,199.0705579338641,6.760498077978251
14,30-04-2010,1223366.755105991,0,63.728323394880924,3.7943263396912172,199.16072745127326,7.333240036522429
14,07-05-2010,1033968.939449806,0,47.83546985110482,3.6815578138722618,203.11109991143195,5.110350707903847
14,14-05-2010,1403055.022092128,0,85.81288921845095,4.229012637782162,185.03800845924,7.076983141407154
14,21-05-2010,1024814.5451438987,0,71.36206410257293,2.9751722505450293,213.62562852712452,8.640614563488288
14,28-05-2010,1630411.346902417,0,37.53011933520804,2.7938528400350724,200.901826374969,6.478093249894971
14,04-06-2010,1101375.4912781122,0,98.46891589649906,3.112692514990709,183.10816962032737,6.528736259297481
14,11-06-2010,604902.4457565725,1,75.0219890901462,3.5023005435485697,208.19888153981796,8.183227173712845
14,18-06-2010,828237.4544158622,0,18.44376360287606,3.339851097731679,216.43378155804533,7.360647891435795
14,25-06-2010,827301.2790070132,1,59.37593022121832,4.695383082383862,203.77092093742476,6.900030220183097
14,02-07-2010,680872.6478220634,0,50.23452315096911,3.816663413035619,200.2263085267687,5.594436946143714
14,09-07-2010,803001.374836597,0,63.97360019094814,4.088772362384793,197.8742137201143,6.4791363348491435
14,16-07-2010,683849.8365381117,0,103.39873176161086,2.7881586815580386,181.48157268425342,7.7835896647986065
14,23-07-2010,864271.3877411793,0,53.63524944514759,3.6087082878433567,196.73376510914431,7.280532340555259
14,30-07-2010,1203218.7043293933,0,77.24447023773953,2.7918864721036774,188.48846263447132,4.160921340514573
14,06-08-2010,838123.8357834492,0,79.13406372771317,3.936814251037265,199.69597233469503,7.926866885751958
14,13-08-2010,1440845.7938591281,0,78.64869741909334,3.2924498555183153,207.00700612120585,9.814654444472552
14,20-08-2010,979131.4414026216,0,67.86614100010647,3.6176589807195496,194.59896906401215,7.124156590971303
14,27-08-2010,1141956.8581167376,0,89.24391877435274,3.724317882257264,209.6198718907184,6.762988029987373
14,03-09-2010,1149980.047884742,0,65.58535676433051,3.3019269550313393,192.32488353232566,7.763697715848047
14,10-09-2010,1225474.8020891112,0,71.44012556600946,3.147635782194558,184.62415203550825,6.855095420918569
14,17-09-2010,910811.257227768,0,62.26280914106046,2.913365221998035,198.9520808310527,6.7099625603936275
14,24-09-2010,927673.4952765682,0,93.57349346745133,2.5441797246741213,213.11167497802626,6.775681029121896
14,01-10-2010,1171916.9744687113,0,61.59602968117466,3.4100916843099798,201.6178191260126,7.1670370007263555
14,08-10-2010,1083479.0261467835,0,57.730387082357176,3.6107792368121054,212.34751914044796,5.968044757905565
14,15-10-2010,1119098.1795278515,0,48.20210487074218,3.419222008187056,193.7512358223445,6.019592590201962
14,22-10-2010,782130.0006829002,1,87.02145784826278,3.943095594292398,199.37360422672765,7.243123458512893
14,29-10-2010,941151.4988727085,0,87.13166771655963,3.161879395878788,189.05635202449855,6.411845643012249
14,05-11-2010,1283647.756581258,0,92.59284262225597,3.3136622080240126,197.5730125217472,5.109989828817057
14,12-11-2010,909041.0565244614,0,39.20386937946232,3.5597993391087246,193.64576893164244,8.684348516124981
14,19-11-2010,1200004.3430185644,0,45.29597930473507,4.328104126028648,197.56938801119134,7.002287936143504
14,26-11-2010,1214073.032045986,0,85.43784843877313,3.577024038850886,199.57631589458327,7.066592571751668
14,03-12-2010,457351.4731673177,1,72.37772596046307,4.31917986613547,203.81309612264783,7.311652856004779
14,10-12-2010,696217.8349819864,0,7.3853972634187315,3.1170950099706443,199.6547820016869,4.801307187770835
14,17-12-2010,1263927.1324487438,0,70.53073367344615,3.2612946469036,193.50173114502564,7.084168230185696
14,24-12-2010,1002565.7287087371,0,69.59654070733666,4.073089130352431,199.0201355327931,6.048730606861698
14,31-12-2010,879221.9768688428,0,79.72753011811875,3.1440133863705384,184.571967817571,6.839368880474506
14,07-01-2011,903165.2097502525,1,40.67507360493492,2.8354074333275587,199.3881156222098,6.901108567603075
14,14-01-2011,1195135.6690876307,0,65.56697269289339,3.2453933187004327,191.53640280113027,6.41509234658223
14,21-01-2011,904248.2856956623,0,67.1895159509425,2.8456108439615355,219.3438852790853,6.84008397716456
14,28-01-2011,1187300.8233460975,0,12.261402596086548,3.2520609139949253,210.9730018754371,5.434351968394404
15,05-02-2010,398473.53206124855,0,71.42358812438417,2.676568070853577,206.04592344702505,6.324186028966681
15,12-02-2010,685684.3842641644,1,62.210706349478805,3.1868423619084965,204.9406391897552,4.145373337095609
15,19-02-2010,828629.6269744402,0,37.478920781778996,3.42015740625585,204.30065687175318,7.846946501769913
15,26-02-2010,1029301.8401916886,0,60.90982952661504,3.7791682116058527,218.56647436561954,6.518234028906525
15,05-03-2010,1064891.7208705035,0,23.9227441487527,2.91198993387362,196.64600079621172,9.511539596870143
15,12-03-2010,991889.876883553,0,97.37635681087707,3.7098528041786327,202.76581505591048,7.008556080824349
15,19-03-2010,685823.7085748175,0,87.11145871420696,3.301841816715792,188.69099707505737,6.148836859750294
15,26-03-2010,617957.614242706,0,89.0655095208509,3.460884670470741,181.5810222704214,7.89206759973172
15,02-04-2010,882021.5364488785,0,73.97377627034086,2.6414690257789757,200.32330232795576,4.095535603422913
15,09-04-2010,1118283.101857277,1,81.50686803913796,3.6053342326015554,202.09534230262796,5.908374827840897
15,16-04-2010,1046769.6051579197,0,80.7088683283389,3.121436576591975,197.62288957854122,4.738708973249864
15,23-04-2010,819561.9119055668,0,75.19029774972216,3.3541206838707316,199.40173856470096,7.493560204334291
15,30-04-2010,1058179.4115180012,0,20.08936439096523,3.9697897061775893,190.9994576733575,5.426550239897781
15,07-05-2010,755784.5071823865,0,19.564027200761053,3.4493596406492335,194.01562419418954,6.033412109014685
15,14-05-2010,986375.3149664094,0,67.27941261705476,3.644826849104879,200.45871444884565,7.779029867630129
15,21-05-2010,777914.8501495115,0,44.41814521246599,3.6016179772930155,195.42366750662384,7.185688580418739
15,28-05-2010,1301826.20268091,0,72.11212465262626,3.4304748401064007,212.0509565345003,6.55757701075643
15,04-06-2010,931765.0838659978,1,84.1321630972783,2.736416071705176,189.44910631823305,7.126267736234068
15,11-06-2010,803069.0430305474,0,44.14953105769575,4.324891843120401,192.8151948024011,6.41473319911046
15,18-06-2010,751929.1495698056,0,47.399500409322116,3.8659777512549227,198.0307819200311,6.535418921884382
15,25-06-2010,1008871.7595031214,0,25.08585134280696,3.550842697723649,201.05653825026062,8.394625388211177
15,02-07-2010,790957.127535858,0,63.08987331190502,3.3317237050609134,199.8012636463169,6.892735234189058
15,09-07-2010,1244056.5792835434,0,38.466417450579726,3.9685334375510157,194.10909777468598,6.534304759881164
15,16-07-2010,642386.9009923935,0,73.6272465315061,2.9231538593300708,207.5473329806781,7.199423985986767
15,23-07-2010,1094607.656432043,0,47.088558559292096,3.3997626954210607,182.3298963499445,7.860724677240118
15,30-07-2010,639222.1747982609,0,98.96685289579626,4.012554576290887,193.46101611674425,7.027313379851439
15,06-08-2010,990525.8594911128,0,28.356464733077456,3.508727732626328,186.55897183817586,5.846267209275714
15,13-08-2010,830974.2778346799,0,68.08425730554664,3.85793637234548,202.27034478864888,6.6759318247910295
15,20-08-2010,1118288.430350371,0,73.60440720953382,4.0175644580883665,204.4556458127749,8.85897769444342
15,27-08-2010,1196435.7973533375,0,49.487381320292315,3.516203506670068,193.27514403993663,7.22327083592026
15,03-09-2010,651555.661472945,0,49.07916402366558,3.7017184314356455,192.2828877981946,6.4996139098795656
15,10-09-2010,1087700.3539131475,0,12.566812782822154,4.52103482646394,202.9527994062087,6.223500859506999
15,17-09-2010,1031425.5837981881,0,63.52379645005385,3.296878775565236,193.8316912287773,7.575904436932336
15,24-09-2010,970113.7027977821,0,70.29767192152744,3.909962626317617,203.24340210014867,6.467274501783097
15,01-10-2010,1167932.7728862378,0,32.8496492031613,3.6604382555922887,198.35439030377327,7.7633341509338765
15,08-10-2010,1102265.328832471,1,69.7461047408999,4.035964932605898,191.20717217588012,7.34859511986098
15,15-10-2010,974965.1143233671,0,76.93764207769829,4.040860847197547,195.43613538662524,6.627059479569864
15,22-10-2010,1369670.1258534854,0,38.831187327166944,2.2509694912535303,202.0045963141373,7.608905356254632
15,29-10-2010,1052413.361817345,0,21.008765644912657,3.4659304431063216,202.30101173469862,4.808925927435336
15,05-11-2010,932980.1042401531,0,85.10807218919793,3.972934821842073,190.99409647463938,5.867215048732255
15,12-11-2010,1070074.0432772676,0,43.11351925633858,4.000683228145431,202.6458453602911,6.873868239676155
15,19-11-2010,1193462.246607643,0,64.53368496989194,3.2192211268346873,194.46910183085868,7.695863839093786
15,26-11-2010,1234688.455326489,0,54.549105572763814,3.655429095397406,184.2132479809701,6.787498635308835
15,03-12-2010,1235789.6798473336,0,42.43473494353067,3.5499434772046063,204.80744579767983,8.496710407445981
15,10-12-2010,901006.9039263853,0,50.04855003381572,3.5620225592133603,193.74115469098516,7.095735833866564
15,17-12-2010,881335.0220740131,0,36.85766762573458,2.8334358226110967,184.48487750941072,7.662051834758473
15,24-12-2010,1237719.3646174017,0,96.98724282772761,2.9713010711280514,206.29980840347534,6.130747644784083
15,31-12-2010,931406.9667686692,0,77.00158664835106,3.7088403761197,201.07444374340892,7.38737148063299
15,07-01-2011,1064637.0964916411,0,85.67633719707123,3.8535930925250472,209.79185435589733,7.637719497181916
15,14-01-2011,1089980.0458818786,0,32.11009862281477,4.026945776147942,188.05477060233966,7.285803286794733
15,21-01-2011,830969.2083147683,0,71.06777966148853,3.9319733186349346,199.88276496790806,6.539167660203237
15,28-01-2011,925314.0609967639,0,77.62293441626738,3.5006628443672034,203.95420985388037,6.042431044984788
16,05-02-2010,882133.5537145276,0,50.82722727797831,4.233436645077344,205.39280450880676,6.492266696770243
16,12-02-2010,628117.334810748,0,40.8244308762645,2.8237456552796387,184.1641161021242,7.412998912137797
16,19-02-2010,957186.4604544278,0,67.58810795210219,3.6466374826301573,192.57225155471292,6.950795083826631
16,26-02-2010,1097816.7756301486,1,36.26013223388511,4.028907090410398,194.10887867218872,6.064403701237574
16,05-03-2010,964416.4248391204,0,41.74378161406974,2.92822027011725,205.41645687850593,8.346643431434481
16,12-03-2010,747757.6296295382,0,83.60256347483056,4.07214653427997,186.121314495442,7.763860351633422
16,19-03-2010,989378.6396606179,0,48.98036392923501,4.108849072095707,202.5459976987092,8.09048472490764
16,26-03-2010,1239975.0967561365,1,74.84917827185241,3.181206228962018,202.16683118964286,6.696649932522866
16,02-04-2010,956226.7496528749,0,75.32485950081019,2.638828321565107,180.66709928334427,8.069144263935915
16,09-04-2010,845312.501626468,1,67.40423779883481,3.792157083217655,198.99524279428294,6.942609296998458
16,16-04-2010,1082110.0170655232,0,55.378610450846395,3.0205118782327762,208.72918347333285,8.449853519773349
16,23-04-2010,714775.5262477647,0,49.24708484440367,3.8277019149251186,189.2980843710567,8.719040612841821
16,30-04-2010,820733.4682815876,0,64.38604674400872,3.377859530111733,204.3429607599536,6.313663153065175
16,07-05-2010,831319.6903085925,0,89.04235398365121,3.507074632482879,194.03588592031122,6.700818227572565
16,14-05-2010,1161783.853878544,0,48.31089416299123,3.372948272982223,193.37093327720135,7.028078774047991
16,21-05-2010,1020845.5878256815,0,48.67210817570553,3.915808393090202,202.09470083647773,6.015465949518032
16,28-05-2010,998809.0581574541,0,75.68005558621496,4.388043640190032,195.39224986268346,6.230437618834876
16,04-06-2010,1109460.5349553947,0,47.72824789274411,3.59812047033336,205.45786713532357,4.8284285952395525
16,11-06-2010,998377.3596776499,0,63.16178450646369,4.187392049485115,196.84899663981315,7.926481875105217
16,18-06-2010,1045732.6056273439,0,92.70132789055039,4.155846724636331,189.07858406571268,6.746323922457619
16,25-06-2010,930967.0589100407,0,69.78509070152656,3.0621382072500727,211.48445956533723,5.746542386774875
16,02-07-2010,1004490.0824555322,1,88.83890011603779,3.243812879661653,200.55863939844497,6.690350286011939
16,09-07-2010,1229205.515002683,0,3.2498711720524227,4.327377179425271,194.13327225694792,8.667382342938616
16,16-07-2010,917705.7651724078,0,67.12505577412168,4.130759626267758,193.32810915222495,6.267031100876241
16,23-07-2010,1219213.9814954796,0,68.50642616660221,3.8000594753983052,196.0478499821595,6.4024742983655445
16,30-07-2010,1389648.8650269553,0,70.46446371474066,2.889839655028012,179.82661201877588,4.167674075015859
16,06-08-2010,1162796.1720395482,0,62.57234900809933,4.374287957029267,196.0926808559181,6.766487542415102
16,13-08-2010,1527635.0513241198,0,27.665732501039713,3.3853088340722666,197.51384146233323,7.626613637263071
16,20-08-2010,1009112.7762283797,0,72.46814276559832,2.962517686137091,201.24546802023855,6.200370175832961
16,27-08-2010,950457.2314994092,0,89.63921536873072,3.3583909805273837,194.3442363212601,6.528684278848882
16,03-09-2010,1143683.4846943282,0,56.84506033537029,3.779313266377257,173.77780845459057,5.765154286330909
16,10-09-2010,1191510.943804377,0,69.6052100281185,2.972446162259775,208.22782780834,6.037348988081024
16,17-09-2010,1138553.8063697722,0,82.11666132589426,2.9129629341955128,192.11328068848638,7.897543570303795
16,24-09-2010,1226043.9543674963,0,44.07726393627009,3.0249682512669365,185.56395737830235,6.517090160539483
16,01-10-2010,983456.9952207013,0,64.86183455321398,3.3529507630971835,202.70836515833955,7.433472831642372
16,08-10-2010,898287.5493448637,0,62.526283989664,3.2654345728947956,190.07133998914455,5.554794735587775
16,15-10-2010,1133253.9344087048,0,71.55957047279114,3.4384742045050505,205.88245445951628,6.907694606199226
16,22-10-2010,1311261.4776960548,0,47.83298470641325,3.7962651536588807,204.09636118683994,7.3569727592669265
16,29-10-2010,1016255.6844112398,0,59.24213836566338,3.5632064147168085,188.22388992188226,8.873104424624781
16,05-11-2010,1195614.37345942,0,74.45653789971024,3.5558995791016943,210.0715720059667,7.517994776391452
16,12-11-2010,1005240.9505548071,0,53.9287134946817,3.10505784541654,199.98094367011242,7.034866882779146
16,19-11-2010,1399370.0437377703,0,36.22073160930076,3.4750599229359413,189.53878914937496,7.473407415712466
16,26-11-2010,1058189.472867897,0,79.15679262216536,3.511051374924928,205.5642170545854,7.193352779598315
16,03-12-2010,869779.420597186,0,70.37742360880245,3.7479025105137853,200.0161903135694,7.414772890788791
16,10-12-2010,1320867.8216617191,0,54.298114859159725,4.499435867969857,220.27739693148058,6.8348770777781604
16,17-12-2010,834696.9657507888,0,55.28166941375752,3.2965573777478125,194.65243329155678,7.294971455708821
16,24-12-2010,700548.4709642711,0,85.61879153333456,3.8305512678674845,187.35232716814483,7.781173856610691
16,31-12-2010,806723.1861463599,0,40.111429564004155,3.6247740947990383,188.1694381526561,6.747236744903814
16,07-01-2011,1205882.6201910651,0,75.93403854141484,4.1803380180538525,200.26553353799468,7.022857509845124
16,14-01-2011,1147502.5787245703,1,13.593688035391537,3.891314913158259,199.75767166130308,8.202451247983072
16,21-01-2011,780945.8962314391,0,-3.5340762639200136,3.3304348645360506,211.66784993203208,6.8986750837701045
16,28-01-2011,581493.3588501688,0,74.61917952752432,3.174670086315808,179.09697101146844,6.829741753204095
17,05-02-2010,946879.087942779,1,52.00243522663257,3.05774846346999,194.79405822319546,5.108096098746376
17,12-02-2010,922863.0671898937,0,69.72369583123879,2.5253141223387883,179.496425427158,7.739180494701568
17,19-02-2010,1101404.0544270715,0,58.85209269851928,3.0697579633085823,191.89024366074278,8.582554969312532
17,26-02-2010,948489.6857709392,0,88.54610728578433,3.2902826236707248,207.564883543161,5.0859399294125325
17,05-03-2010,1131890.2482227222,0,43.921031705450375,3.3224391722547506,204.14824482035874,6.6584233677816425
17,12-03-2010,1173438.612383788,0,72.55212595123662,3.3602462683517333,198.41694521990337,6.81614610684079
17,19-03-2010,830865.3791011774,0,59.71802068186657,3.8401077279514118,198.0115025648235,5.292162073860456
17,26-03-2010,1066493.616751774,0,77.37545001181542,2.906831786445073,205.87855888137736,7.619738784702869
17,02-04-2010,617736.6216674992,0,61.85958493058819,3.082639845275097,185.50849476887112,7.2477871810520815
17,09-04-2010,1320259.6663555175,0,73.71179492596832,3.4291757069949367,211.66370545669253,7.53097566196409
17,16-04-2010,564357.736053714,0,49.410660729859835,3.647993952421481,203.92963752617828,7.047228092298161
17,23-04-2010,744316.0155285704,0,70.6205218978842,3.5744384019588455,211.81567716419147,9.343654052812624
17,30-04-2010,1174149.3289176808,0,78.9762619294324,3.3619886757222153,202.68718527304668,5.953462653514398
17,07-05-2010,834216.7131987589,0,58.482570986299535,2.6576662113868066,201.9091652414371,6.963669391957659
17,14-05-2010,1029387.0596773375,0,49.55736859960015,3.5223038622171448,212.5707976848107,9.59431018477411
17,21-05-2010,1227507.802630127,0,47.839877141253524,2.992760136646293,186.59927928876064,7.432216690759254
17,28-05-2010,863723.9529860852,0,79.35652048050409,3.7225521274163533,192.01079344081236,8.206118434774282
17,04-06-2010,1121835.0466880482,1,42.95226467851793,3.737682805346005,206.32454216642302,6.525821824896035
17,11-06-2010,845645.6085214249,1,92.19041331551946,3.153344627205416,202.5434150929852,5.986970488377162
17,18-06-2010,662555.2500128597,0,38.715599863653026,3.4950775956748084,183.114948119315,5.879952577530128
17,25-06-2010,1134182.249655375,0,72.07581040555789,2.8116928508386585,185.49450226751296,7.380952835693413
17,02-07-2010,911010.4739075662,0,50.06936529036062,2.9232537870076083,202.67843637866332,6.1764650293741505
17,09-07-2010,896349.4722277595,0,86.50552180874075,3.5563288443753227,208.5658844188635,6.578522252694227
17,16-07-2010,773791.525140823,0,87.0222817997343,4.146372644759103,216.63732832143472,7.305243126531353
17,23-07-2010,1117478.3399612023,0,88.28374576662179,3.8264119377598926,208.82113772075508,6.925010380872779
17,30-07-2010,828486.4851707711,0,81.93094236460507,2.4043730744173595,215.34482101794515,8.12237421870316
17,06-08-2010,908047.0768339047,0,70.86781655743619,3.4080653500916895,201.88233272701135,7.389169810223448
17,13-08-2010,1000141.7255361044,0,79.65366285539882,2.7999646384084955,205.87262413464177,6.794372146356753
17,20-08-2010,1016566.51410362,0,45.436561980603685,2.870467187034627,207.87016569640892,8.023776301620817
17,27-08-2010,919312.4602757284,0,64.80411687892446,4.126566412384122,207.89919722180852,7.969569025752907
17,03-09-2010,1065371.0801220874,0,32.2140253957802,3.7397208458716342,199.30246570771203,5.865719546853766
17,10-09-2010,969653.2483158985,0,57.53311871907779,3.654523721516327,193.44312280538557,6.7642887551433315
17,17-09-2010,812107.3516028035,0,82.38489835128192,3.1365255204913254,171.70551188935926,6.446031451422552
17,24-09-2010,1261743.3357844565,0,30.559258539464167,2.81308258755067,213.78469627461504,7.115824587226946
17,01-10-2010,1077920.9048183975,0,15.59157982129748,3.0367664908794416,190.39871261351718,7.144907969330904
17,08-10-2010,1056192.6642330198,0,55.57915072925899,3.534684901329035,201.92596918731306,9.392109635273993
17,15-10-2010,580128.7471161948,0,73.66446029577617,3.06127262999845,175.9545047414961,7.312650991207323
17,22-10-2010,1356490.843311463,0,76.16072378804142,3.0759672009847456,195.76240317977297,6.546585891616146
17,29-10-2010,640871.365473997,0,53.39819616597126,4.172159103993604,212.93259276930152,6.688652112887302
17,05-11-2010,1245560.6866902693,0,91.96643615282066,3.866773906752933,200.08783654898147,6.762316683039016
17,12-11-2010,1015321.8140903319,1,49.76472884115393,3.52139145106216,204.94180214280794,7.666706060858609
17,19-11-2010,987476.8362774155,0,58.841845002461824,3.132441599637706,198.1407551905123,5.400605237805689
17,26-11-2010,1455417.2996106609,0,35.30976003155208,3.5069909079846626,187.37950976783665,7.491066043445357
17,03-12-2010,1197730.8958733038,0,74.62001253570963,3.769217478608226,207.1573424117084,9.394361900582451
17,10-12-2010,1437018.9790072225,0,46.26569313993409,3.063102689379405,209.62680234886298,6.158006220238399
17,17-12-2010,1026557.5630154129,0,76.56117629786618,4.035540250201403,179.2551364898369,6.9779651359957295
17,24-12-2010,1224372.3009588504,0,56.2664207537311,3.389182556714598,202.85886967256792,6.674269544749553
17,31-12-2010,1148109.0731748873,0,74.18705028910634,3.5097291277594413,198.61487755392776,6.576109957677647
17,07-01-2011,938962.2309038497,0,80.93823588976278,2.54896517572678,187.50110688760958,7.142949610115389
17,14-01-2011,1045342.3372681133,0,59.58878885298986,3.644591836559363,188.21076508701674,6.78033054764904
17,21-01-2011,1121905.2090417203,0,28.892525323175153,4.271848880496207,200.8538861013496,8.742376084702538
17,28-01-2011,1410897.688065716,0,61.68933572779895,2.96537275312246,209.56295002091346,9.324673305852818
18,05-02-2010,996598.7851032338,0,70.10042176547535,4.102297289684195,201.82538096882675,7.626954748256132
18,12-02-2010,944589.3799441818,0,32.160832380965374,4.352051039029559,198.8489030607676,6.65408067095283
18,19-02-2010,1177830.7649575612,1,37.56497794288224,3.9031827123288543,193.99488981814835,7.057602226005241
18,26-02-2010,865626.5178232343,0,80.57537982846961,3.750842522584394,202.4832514251588,7.078117735236017
18,05-03-2010,1080047.171105355,0,64.03305810258509,3.53770887130623,189.75071933414233,7.246721388698607
18,12-03-2010,800940.6612418981,0,59.20211232496576,2.7978802168692054,198.65819789323075,7.519358745637888
18,19-03-2010,1334672.7892305048,0,48.210952001225635,3.132598146394821,183.4330748044041,6.674837267578376
18,26-03-2010,812576.5909522534,0,73.7832891414867,3.158182858856806,197.2627074783324,6.985729647050611
18,02-04-2010,1029919.5915037576,0,61.95654349415845,3.331471256977687,201.3791652091806,7.5205018830769745
18,09-04-2010,1085220.6261966794,0,28.355536665070446,3.5251138495828402,204.7950754800161,7.72894119457045
18,16-04-2010,861529.8451532412,0,46.8192145022271,3.2875504553985966,210.58022388115813,7.191631962067389
18,23-04-2010,1239706.5254242374,1,57.51428445675128,3.3943078850910156,207.46611364602157,7.32557781678707
18,30-04-2010,1455165.0855295276,0,42.95550714005351,3.480381763150628,182.45211257877614,7.119659304518933
18,07-05-2010,832506.3967746934,0,56.317083686335955,2.9349106352576584,202.73010717494387,4.925359962453632
18,14-05-2010,981608.6434791469,0,60.32050564590321,3.059287546916323,214.04165940100395,6.007956439222866
18,21-05-2010,889260.9693729056,0,51.70746198856274,3.002413020050381,205.4968318629026,8.801430099266488
18,28-05-2010,739682.4034393338,0,22.939630342048616,3.730027170723222,202.26505352115288,6.212524695112245
18,04-06-2010,721128.8666661534,0,52.62121121937076,3.6069043969705317,190.82023895389264,8.7311696317673
18,11-06-2010,872918.0239542526,0,59.174146259854346,3.38598598510756,214.38826379454224,6.109745579951347
18,18-06-2010,695517.0611466521,0,43.07131397082043,3.9628361047513607,196.69225103976947,6.489839186349783
18,25-06-2010,1029891.2179326619,0,75.41500419237575,2.645418222404772,212.29755130557982,7.105259701023334
18,02-07-2010,1277640.1877708323,0,62.14339830519192,2.9607436293177014,198.24705470095986,7.399317601719131
18,09-07-2010,1072078.679003616,0,70.08575706768545,3.077835775605248,206.4237259164157,7.030747583087499
18,16-07-2010,534111.6697754848,0,55.50293888410296,3.0356039592737707,229.3565790232778,5.9266719677771045
18,23-07-2010,914230.4148787854,0,68.31673672572121,3.7657448440733288,218.34820144586703,6.264927016372642
18,30-07-2010,1333402.5410714142,0,66.1566474502777,4.534113020752912,186.02194521575703,8.202576505225228
18,06-08-2010,1035982.8739092833,0,76.75661070458962,4.290731861741664,196.90340187814311,6.973248754425862
18,13-08-2010,1291265.694395917,0,48.00355953360301,2.7206065024880792,208.19373268139407,7.423889482443986
18,20-08-2010,806843.4734272081,0,49.22852653406751,2.7364794695897716,194.96537656098943,6.184497298129779
18,27-08-2010,919825.2087490051,0,27.459901582665026,4.5112951152847405,212.5254073102923,6.220980578480014
18,03-09-2010,1054484.279330722,0,68.3493017964259,3.1707950324408296,204.62453986127127,6.637213672465828
18,10-09-2010,826244.7298012688,0,33.28275191662773,3.8620682796572487,212.90758424122427,9.587908973530684
18,17-09-2010,760054.9469819573,0,73.97839370161577,4.056589146650354,189.06892439399877,7.609829077663493
18,24-09-2010,584073.3435505922,0,47.178374669232895,3.82952717195671,210.26894618257916,7.599577541245356
18,01-10-2010,1323757.5279321736,0,68.31653258910686,4.060424221823904,194.75717257090122,7.598330173807854
18,08-10-2010,655016.6208116381,0,30.076823736707006,3.0408939167451043,213.22744466885135,6.830877314357184
18,15-10-2010,1015914.7069884331,0,75.17648832327218,3.882239110152895,190.19530465078103,7.28405657052987
18,22-10-2010,1051514.994177839,0,57.419317697404324,3.0741689128328034,192.41029301096654,6.0212591636902335
18,29-10-2010,945517.9966792626,0,84.67448556672386,3.369912325102203,193.43570036385876,6.819819168627131
18,05-11-2010,1274294.9564281846,0,56.12589240390076,3.7701439720178476,202.2328091325537,5.801607875047955
18,12-11-2010,1216839.6488087084,0,64.20606080443991,2.6952395084595104,193.02690849300973,5.184458370474664
18,19-11-2010,1107395.1393887482,0,65.12341211388556,4.0966555029635625,192.28259185403218,6.502038153182158
18,26-11-2010,897493.17787069,0,43.96944819790917,3.71753916909293,196.94529970752131,6.255243044760163
18,03-12-2010,933924.7873318045,0,38.92329009271309,3.7139071975764515,182.98097769981663,6.438662003557794
18,10-12-2010,934102.1399564028,1,93.49719345828129,3.4207149538268906,195.13023699811993,7.620148780415464
18,17-12-2010,283587.4785024978,0,72.27541711579818,3.687727928813626,201.6757010580099,8.162259597505667
18,24-12-2010,892081.7558525737,0,77.8982111205365,3.325598422563513,180.41824571116987,6.371514293689245
18,31-12-2010,941473.8759339589,0,56.19518311173569,2.7512766656971257,213.6322897513225,6.696373927101999
18,07-01-2011,902222.7761912617,0,91.77880656888166,4.035982683799563,192.8196118659485,6.8885092128748875
18,14-01-2011,1288361.0658031816,0,68.63263259275195,3.8698377340589167,225.7199531749497,4.750567545799236
18,21-01-2011,1121747.1178248834,0,48.85738854855538,3.829849884965399,189.26821490524532,7.68662819194616
18,28-01-2011,969769.5426753139,0,76.84594654027805,3.5115979892786875,213.51015752487,5.487471034701125
19,05-02-2010,733858.9737338148,0,16.440645356106245,4.046051480509667,185.23536358378198,7.456502335167795
19,12-02-2010,949887.9262762618,0,22.14475644819896,3.655745429398895,188.12234760082472,6.602676747448638
19,19-02-2010,1106872.9797272766,0,61.82187212511826,3.604027515912027,192.7686870198274,7.9088124113499685
19,26-02-2010,918405.7043797494,0,49.46936625807914,3.2382120057967088,192.35813213362152,7.876173931693075
19,05-03-2010,858113.7685343048,0,72.89190864830353,3.8418547684540147,199.46757429910798,6.020238052256026
19,12-03-2010,920757.9315437793,0,78.51950201429233,3.4544620698234865,198.22404005241262,7.655892137787583
19,19-03-2010,1192781.3868151726,0,59.598024964606964,2.771659279337959,195.78405937442398,5.685829240895163
19,26-03-2010,1158669.8647372117,0,73.75865944102856,3.1935083643646553,199.42958833147057,8.183987443196889
19,02-04-2010,1068365.0427909933,0,58.79924916622871,3.1511917746954716,190.45945545895412,6.5848247188362885
19,09-04-2010,774752.3585827874,1,33.00453861237538,4.3840846465298915,203.19965191145164,5.593056599486831
19,16-04-2010,911630.2145518352,0,62.21772765656836,4.16901358139096,210.07580682762733,5.58957279617577
19,23-04-2010,1217164.2638457492,0,39.2738150525246,3.3982694294598477,199.6341002565707,7.6596499980823705
19,30-04-2010,1218036.6942040892,0,45.03807870756706,3.978616903874343,194.17113278623964,7.389342394219737
19,07-05-2010,1165249.8845345648,0,90.30889616704495,3.690867084481255,196.26631574996915,6.499802182904004
19,14-05-2010,966029.5284644539,0,92.73479923661279,3.809844460806056,178.69162002644123,8.184181016367216
19,21-05-2010,1207231.4522277007,1,12.313864224285084,3.872575432142409,201.34166415995844,7.428342050660725
19,28-05-2010,857707.561183259,0,52.310862420458164,4.203615005691818,187.91409475757658,5.5887449948303
19,04-06-2010,972640.6190485319,0,57.429074134960864,3.174162438921792,178.05617530179975,8.59947094011379
19,11-06-2010,1140628.5084440007,0,70.66414635798625,3.867670577098898,200.61908104029996,7.295560601786746
19,18-06-2010,1057804.4101210807,0,38.97559940434995,2.234115341874593,197.72893992219073,6.858242445972461
19,25-06-2010,1027112.6832829418,0,74.57037287029073,3.373962017045013,206.72034945655443,6.579731394409099
19,02-07-2010,1022144.6868372993,0,70.09163628954781,3.8132691816684714,187.6043771391976,5.4971293913176105
19,09-07-2010,850811.5747048798,0,46.76917114969416,3.189430955593801,208.62402288758895,7.019205968003692
19,16-07-2010,722074.0658288909,0,56.41497949286176,3.4449972506494744,212.9206033432652,6.250828273396758
19,23-07-2010,1263101.6581880208,1,64.20992597843008,3.7307124164792596,213.009415130317,6.4223857821350965
19,30-07-2010,998327.5777751879,1,38.88721020402807,3.323157120216497,187.67568760836,7.952461970536169
19,06-08-2010,1337837.7867303358,0,93.39845562809278,3.244939630260562,207.29519350986203,8.698290392426957
19,13-08-2010,537108.7842443048,0,50.160861902610336,4.164028444493484,190.2723548324,7.406622034222674
19,20-08-2010,965474.173141833,0,72.77354279760601,4.027388907138328,199.6397896424556,7.770768806435139
19,27-08-2010,1009773.8366610307,0,39.08941028651894,3.486869603365074,193.75489544911423,7.74698084010471
19,03-09-2010,1006298.3124523992,0,73.80147352673225,3.276526136208667,203.37363066346867,6.571325203118694
19,10-09-2010,1018586.0468227975,0,53.11872086591547,3.3127329246248745,190.20074425217754,5.04266141086601
19,17-09-2010,866371.3903344467,0,63.86758903848318,3.6485197354399377,187.25614865531082,7.840356823935551
19,24-09-2010,1407231.2372717683,0,83.35019645972892,3.1380176347661064,193.55659732978015,4.260859793862528
19,01-10-2010,1237229.0948084597,0,90.80647959639772,3.612208603972058,205.0179116777764,6.660154958155634
19,08-10-2010,823101.4362678602,0,68.18877061284505,3.361664114140427,201.1339439196669,7.458994001674291
19,15-10-2010,962359.5122454357,0,57.92826293188439,3.7430842989832502,196.74701075676435,8.619813234242322
19,22-10-2010,876365.3675305471,1,34.58096557815435,3.310710128393423,208.98669160339173,7.037696573123923
19,29-10-2010,1131906.2939178278,1,95.33023600655267,3.5472538265236953,189.51748836280947,6.769974692085994
19,05-11-2010,1194020.2188025308,0,56.63230155054295,3.3369937520915753,203.90366194395375,6.846094773025312
19,12-11-2010,935922.9881126411,0,24.41202138985559,3.4749153661830587,187.49926482029076,7.612240014906914
19,19-11-2010,1079618.955870656,0,43.78212127599501,3.6834070216427213,192.59509893667843,7.864824438491011
19,26-11-2010,1030280.6095903466,0,65.9690362796288,3.3517922781726224,185.38006220173122,8.333387300220425
19,03-12-2010,1116374.791364641,0,75.72812423991633,3.2202268573552657,171.6696970985726,8.359189494164024
19,10-12-2010,1152101.2239168286,0,25.1410493902667,4.386303334157104,187.78192906836534,8.072196715938487
19,17-12-2010,1202444.8846907667,0,57.38148389747747,4.064119891634419,191.2415759350489,6.194200345115795
19,24-12-2010,1202054.9173672032,0,59.11277088976877,3.30453847023763,202.42133155674026,7.249370282727652
19,31-12-2010,997571.3177722468,0,60.14725362847134,2.7607265315006004,195.12366579045036,5.563746135071883
19,07-01-2011,1138784.6466382516,0,74.33178679519304,3.581715880293566,207.45447282056932,7.038498485695272
19,14-01-2011,522341.5098497641,0,47.1777147955071,4.912165295501524,186.8103150169749,7.020106466869098
19,21-01-2011,1035924.4545263847,0,86.9029524090483,3.42552635255014,205.0865780427984,7.056580189305454
19,28-01-2011,775837.5786222046,0,48.71607640279027,2.7529811033551246,212.55145788374904,6.502327476570961
20,05-02-2010,746372.6390049375,0,56.63481731024917,2.909356596663587,200.3053649499535,8.179259334610126
20,12-02-2010,1400536.5532817184,0,52.00200019781367,3.1274161148413246,198.95032292436377,7.612790741583289
20,19-02-2010,994901.17428296,0,55.656823857262864,2.490296935604599,205.4883588301846,9.351771838972056
20,26-02-2010,889591.2769673867,0,44.5308831193314,4.449367490677619,200.87016480392387,5.963856428024803
20,05-03-2010,1171347.4842940916,0,67.96096433018525,3.680880996051925,203.19809710239917,6.782314340498871
20,12-03-2010,1076855.7669971902,1,71.11882903291685,2.5475277729946804,195.6612653702081,8.722155097808194
20,19-03-2010,846586.5089199399,0,47.923234050136266,3.339949761824958,175.9493045008979,5.631925891468011
20,26-03-2010,778705.0887772196,1,57.10242876104226,3.521520435425194,210.22841471550765,6.809553814070783
20,02-04-2010,885183.484582546,0,54.37749030223827,4.146649747620629,219.499750409961,5.754257549766329
20,09-04-2010,1104502.0140421023,0,24.618993925212024,3.6833732039461284,196.16125258669217,7.2022804076212195
20,16-04-2010,996421.00459833,0,40.47199902672405,2.365251067751295,197.906833833785,6.097311406177927
20,23-04-2010,1067835.5158270968,0,71.40842346721591,3.3342843143592487,194.8133328037879,7.853201545051554
20,30-04-2010,1005886.1183355105,0,70.33288891871935,3.206735503453682,198.14114563927103,6.270130413537408
20,07-05-2010,1394879.3488960057,1,64.1015067846926,2.6883087350293784,218.88436939614257,6.835758014967968
20,14-05-2010,1139517.3940678397,0,43.27816659560747,2.794600153186472,203.6410854424267,4.815507264948192
20,21-05-2010,1054705.7542283528,0,69.14648562173531,4.549110737273374,198.61917665338518,7.5911361179239325
20,28-05-2010,978605.706028304,0,98.84491189512599,3.3352480996819374,183.01430289377066,8.851054176849766
20,04-06-2010,947659.8012368327,1,54.30326124515597,3.4469029549801236,230.98299434071257,6.741824861968565
20,11-06-2010,1102024.872250015,1,47.01270360772238,3.6894168163447394,206.95377236401728,8.912726850306523
20,18-06-2010,565246.2191172016,0,13.915761281120666,3.3194953883737153,227.03027564405085,6.769338333360292
20,25-06-2010,1220643.5144107316,0,88.83884803905201,3.0270683460518377,202.59957993643692,7.05321219710354
20,02-07-2010,835827.9959674191,0,43.704879943529036,3.588075225943846,187.50179660410635,6.734762459529798
20,09-07-2010,1006743.8109802107,0,65.37187162088595,3.175344812314805,197.20284710679627,8.861257373980528
20,16-07-2010,810744.873653994,0,63.21178866343519,4.1810662018425395,197.6355116326414,6.880380375631229
20,23-07-2010,779363.1237533813,0,76.41107005775794,3.836312880435976,217.707056507338,5.281862509623965
20,30-07-2010,759439.3610709334,0,67.16689022152006,2.901721035691657,185.06490221746856,4.876052417299335
20,06-08-2010,1144199.3905811273,0,49.09627510547356,2.565598470858765,204.1547515150625,6.109622941739922
20,13-08-2010,1125522.2425184902,0,32.36816563072838,2.600892630295446,177.76425832062802,6.481930980524943
20,20-08-2010,939803.9375213556,0,47.37125945033633,2.880676936442962,209.60577903708983,5.624774882037794
20,27-08-2010,964203.3117216618,0,46.85730075443884,3.1511405480508774,193.46537104275194,6.61345838410224
20,03-09-2010,872891.7802368887,0,64.16645017251184,2.8200154049404125,212.27799987851685,7.488095381379182
20,10-09-2010,1353500.479153068,0,43.65183731171321,3.660645735378694,175.96331398899468,8.392455941483068
20,17-09-2010,1134458.6816080804,0,29.990469016739965,2.8045529343706144,195.17658424787263,6.85713341465802
20,24-09-2010,662177.509205831,0,55.44560770328494,3.8577465483847426,186.00921571815525,5.47971320775939
20,01-10-2010,1090192.5269552954,0,80.1346014245413,4.011224136427963,194.6656825338251,4.502152880432719
20,08-10-2010,1062599.2609069657,0,56.96065235367922,4.030071909335635,191.06253980916284,6.612035031092548
20,15-10-2010,964773.2992898043,0,2.0097224026303593,3.107561876821187,217.72691660899915,7.1010334879827965
20,22-10-2010,1093915.7793796784,0,55.301514569580505,3.05324245374036,207.9785070138214,5.126558696045383
20,29-10-2010,1129178.0840551786,0,38.019104968902546,3.5815331719427888,189.374924244897,6.884303517084333
20,05-11-2010,1121513.1254242754,0,73.44778675222764,3.583327908679922,211.8098990530567,7.403274563037172
20,12-11-2010,806659.621859468,0,44.07871724558732,3.4210789894799585,194.63918204879147,9.891702989956768
20,19-11-2010,1055671.6332890727,0,84.54069194097744,2.7096980295954154,212.44565160355256,9.23149891102775
20,26-11-2010,735824.3289245365,0,75.42803589807534,3.3539623491967285,195.96244632820972,8.23993680728859
20,03-12-2010,1000144.1813871951,0,47.97746894662306,4.0829582601276115,183.33236593210802,5.505243853550356
20,10-12-2010,1027319.4791177504,0,60.507705559445434,3.8515325733705508,194.7231480558304,7.256957438183944
20,17-12-2010,1023516.3361323773,0,51.08699393940011,4.526909345043298,191.87454229878014,9.105297429458313
20,24-12-2010,1006977.5894178817,0,32.489782208625144,3.801482051720631,207.9518686164152,6.230406535497693
20,31-12-2010,1065208.8752731718,0,79.514267553385,3.5003777537272978,206.8585781860842,4.846269426208538
20,07-01-2011,1089396.3434019703,0,47.2282834970994,3.6464759167594174,187.98411811859484,7.453163604060576
20,14-01-2011,1046635.9047589717,0,40.031182942465634,4.311628345264027,219.91370418416903,7.392913510548216
20,21-01-2011,1318080.7137147277,0,48.61703602654932,3.749302409243615,207.53735637178448,7.93872361623816
20,28-01-2011,755372.2371181153,0,77.27056485043042,3.5857346587951953,211.5264810326169,5.782596206503048
21,05-02-2010,1093590.0844263704,0,36.59438587206451,3.1677814089473264,189.72882575781216,5.564644084008919
21,12-02-2010,884129.2334324683,0,82.8013569299032,3.08145493319248,199.4127957289537,7.446536506940712
21,19-02-2010,1039922.0836805565,0,81.88359095042951,3.5689478879374534,219.56609962585716,7.790721018540406
21,26-02-2010,1061119.625434569,0,64.98901891860145,3.6996140964696638,224.92183998600686,6.724878571744953
21,05-03-2010,936447.8211965208,0,62.33157024024928,3.2235520331531435,201.53674020564188,6.956470533495334
21,12-03-2010,917059.5226546066,0,27.321540818814256,3.2875843262371807,205.0249969612929,6.109251136447736
21,19-03-2010,714634.6846437315,0,61.38674323430696,3.142751954348451,201.53344767602115,7.588635459796272
21,26-03-2010,1145669.0426139086,0,79.08170204313257,4.109240107435843,222.02013924659616,6.643907951380945
21,02-04-2010,1021914.3160155716,0,51.671231335039494,2.379576627988631,200.05635830296853,7.861964756086486
21,09-04-2010,731305.9440940884,0,52.73736706365844,3.92720100056036,203.41215842492034,8.500274609000988
21,16-04-2010,1014901.9187653546,0,80.51264227745165,4.269165219526276,204.80518678108226,9.321003996061805
21,23-04-2010,1120695.6083335967,0,63.601420753919626,3.3635333398872436,191.64310994979965,8.09722019160644
21,30-04-2010,1173437.4825655478,0,50.05291257171814,3.329345076895076,205.3454361345619,7.66256254987992
21,07-05-2010,1028261.0248209621,0,94.14659619118446,3.1145905986356555,187.21647371197676,6.1045720390749585
21,14-05-2010,732686.2999370161,0,86.73314715517967,3.527521278640522,195.23602239398485,7.2252584534950985
21,21-05-2010,1315817.8912142415,0,58.09776704598468,3.333481190473119,196.89609008622435,5.4521984436909685
21,28-05-2010,1052850.9527214677,0,59.19332179571912,3.6992240227560003,202.45404061205812,7.7033130614575915
21,04-06-2010,975535.323573451,0,37.13322017832279,3.5437368768403696,202.33042951529484,6.2819352163817355
21,11-06-2010,882428.7390184,0,64.61221697532429,3.754988458620165,192.73640692022852,6.655222554641104
21,18-06-2010,625605.8188953896,0,70.68415724749349,3.13662904755899,210.4095417379779,5.734741590914785
21,25-06-2010,1096117.3516855426,0,42.540220662212946,2.7326063354524304,195.4681702437044,6.153786714712265
21,02-07-2010,1176646.515061796,0,57.71055256402274,3.5738779537000642,192.3817532834115,7.210367113540887
21,09-07-2010,1306066.912870882,0,44.438104283345716,2.7791774267445932,208.26702974381482,6.17670393074229
21,16-07-2010,949416.6454561362,0,97.37206438326004,3.517403770249916,191.9780059196482,5.852840488988289
21,23-07-2010,1217980.991818166,0,48.576320518316265,2.0838408407653732,211.59596289375497,4.860885875569149
21,30-07-2010,970812.5127773397,1,61.27298122993035,3.314110494238256,185.22387593080555,7.257600857398129
21,06-08-2010,1378438.3521666136,0,42.32561718617875,3.2555038552107622,193.84262541790793,6.282607836340569
21,13-08-2010,931082.6928530734,0,74.49183557446246,3.72424272709822,198.41462307583544,6.081980938361035
21,20-08-2010,1018475.3583279848,0,28.707557453283915,2.5302972959290626,208.9001012682643,5.685362604207994
21,27-08-2010,645484.2869277091,0,82.71895691887644,3.4230011674010843,198.38045183058674,7.438412699496645
21,03-09-2010,823200.228650712,0,62.64994286991291,2.8284373661777296,196.04399626754292,9.238353161770862
21,10-09-2010,812209.1704062264,0,79.28311768343957,3.347277648779159,182.7081711049658,8.952917382489511
21,17-09-2010,987780.4983988263,0,45.024004079598924,4.061526598763232,203.8726730043453,5.960370921581081
21,24-09-2010,996736.5575307955,0,81.65999877033737,2.961809406298971,193.26209894340525,7.957537163279768
21,01-10-2010,457477.48723791237,0,57.01088613670022,3.2447788966167246,196.22882126306553,5.524588598905977
21,08-10-2010,1204502.5587392033,1,48.95477495774783,2.951428175185593,222.91911266818687,8.86746200416135
21,15-10-2010,767586.8359487434,0,91.64233502607135,4.579869630330499,181.38515549444512,6.496160746112319
21,22-10-2010,1112130.503915755,0,42.12809972561759,2.6793099421989517,200.1222354841517,5.803334407715604
21,29-10-2010,946887.8974962918,0,87.40203707220742,3.7333776024192895,207.90015408978178,5.299980232189789
21,05-11-2010,986605.5280554957,0,31.47963765759096,3.6969366090823716,208.29323772582862,6.368348475486356
21,12-11-2010,1058240.5510276065,0,52.72853410169942,4.021922721086335,199.78654697827585,8.019776527188288
21,19-11-2010,526261.7586295683,0,44.880985866161595,3.6802208381463863,197.83476802463827,6.060758459317993
21,26-11-2010,1266510.2935330255,0,78.5786402706443,3.8294770673905183,195.53667921232815,7.371404034423031
21,03-12-2010,1099075.9630656973,0,70.74824005640761,3.821150617505588,183.0574410400492,8.006606541032628
21,10-12-2010,886060.2074148537,0,52.84344133117466,2.5982981328863697,210.93122975881957,4.77121173397375
21,17-12-2010,919523.460495133,0,39.931221930009926,3.3343238504560753,214.16411791700293,7.773239986665759
21,24-12-2010,968432.498031948,1,66.16584127277642,3.575516454527568,193.59681240820584,9.035009109334789
21,31-12-2010,1071641.326774075,0,52.753048849077956,3.8709111471950632,199.08031533796952,5.918085631286867
21,07-01-2011,919342.4416178123,0,61.69053967568649,3.4611136498677917,195.43895150250233,5.960366057175221
21,14-01-2011,1084216.9980439611,1,35.816025775207876,3.52837084164841,201.13456040056553,7.185837628902753
21,21-01-2011,1183974.303190886,0,80.37846480179797,3.8326357531450475,189.78937001793145,6.68138375777276
21,28-01-2011,708777.5807042064,0,55.171388705500135,4.2333912784494885,205.05557853215007,7.436235704801055
22,05-02-2010,761816.6988052547,0,73.57456138558838,3.1385573994619174,196.50704531794779,6.129445644353847
22,12-02-2010,864034.4580077552,0,79.17632612935344,4.063843147258215,180.52657525859186,7.97845780566655
22,19-02-2010,837894.2740356748,0,77.13951073965572,4.536889341401642,192.1369594686167,7.69063056975676
22,26-02-2010,782551.9322510669,0,106.49397828646835,3.2355266186376506,209.5730482259353,6.89390936465858
22,05-03-2010,1246681.215270534,0,59.84622008557261,2.7869431414284476,195.27147207021955,8.195976462483703
22,12-03-2010,931135.7596460006,0,87.84077503174183,3.555564687648256,213.18197067234024,5.641825078522406
22,19-03-2010,911347.3070364194,0,54.22849765691798,3.3600377288389964,195.08970301922014,6.598029027943038
22,26-03-2010,1185948.0449622315,1,41.482201922177,3.443166655459282,198.56340470102882,6.834919434996954
22,02-04-2010,1006351.8913162901,0,61.51347081226772,2.672911779886171,189.65528642982463,6.884579698797587
22,09-04-2010,683278.4131159605,0,32.92490650580483,3.867238372500609,179.22880146226126,6.764726090027561
22,16-04-2010,1429164.9850152978,0,29.10128155693199,4.286799819616292,194.24222245075958,7.907999156182457
22,23-04-2010,1101284.1549994063,0,87.8051065502398,4.3936732072149125,197.53664718820153,4.698528282330013
22,30-04-2010,835824.2155180627,0,51.46391610129485,3.6572254111453284,193.2240757022155,7.395735462465048
22,07-05-2010,1028231.082938239,0,56.566526921504334,4.049242438025909,203.5766136663109,7.064505972862571
22,14-05-2010,1181308.8314219927,0,61.44504096475831,3.371798722233852,186.62924892112162,8.257102780655195
22,21-05-2010,1067386.8660288104,1,49.696582018159646,3.436740551523025,204.39452690457992,8.267960487103089
22,28-05-2010,995120.2865527687,0,31.555407009875857,3.498893665264719,215.6800503104332,6.029616018248746
22,04-06-2010,1345510.4085241363,0,41.943821460744005,3.904632349120993,201.16830174172185,5.714408999243973
22,11-06-2010,1176013.1925914683,0,31.32388352143171,2.8545283748373915,209.230132368945,7.737625930130502
22,18-06-2010,858824.197187957,0,58.354926006570935,3.6532254314816703,195.62262677595675,7.181989882622798
22,25-06-2010,1087897.2096017024,0,58.03380305091248,3.1740963109631455,196.35893778610787,7.966040798057363
22,02-07-2010,1271464.9323852886,0,69.82891021788804,3.3854594845391452,188.62967116852514,6.178185171578654
22,09-07-2010,1260518.0793572464,0,62.75323881736092,3.786192616153951,191.3943021057744,5.583063591524348
22,16-07-2010,666331.0223782549,0,47.42659505938279,2.19093340065386,185.18419228448633,5.660530225042244
22,23-07-2010,1027038.0681974771,0,53.47532591117281,3.7586686473418203,195.00386676378523,6.936373162552638
22,30-07-2010,1282928.5334990695,0,32.33318446056779,3.950864348570137,207.841464163535,6.101972773675541
22,06-08-2010,846790.95951992,0,50.774658990033856,3.5170046274305387,207.35721311018887,7.902660289382486
22,13-08-2010,934640.5314201419,0,38.031815640748945,3.190438525875034,184.93474741960884,5.995709436505747
22,20-08-2010,763603.6007863563,0,79.91947357692891,3.828600550648027,198.60731293332415,8.51253070230255
22,27-08-2010,773687.478690734,0,43.005581570446076,3.2585080369635797,205.30683123010047,6.336563842780512
22,03-09-2010,1007514.9718671731,0,53.70618342423815,4.930568283816842,202.98271104600988,5.864249152141706
22,10-09-2010,793092.2738303426,0,55.11943295657731,3.6473596264511507,206.93217601658705,4.972322728329152
22,17-09-2010,822791.9506043246,0,53.3484124030025,2.783338035809658,201.21327282745628,8.407238136767763
22,24-09-2010,954381.3536005932,0,62.16028241959002,3.0466757274228535,209.57993941480018,7.663545618498435
22,01-10-2010,794783.8311608752,0,67.62851235068683,2.627717524050982,190.78346880221739,5.8952736949023254
22,08-10-2010,1131861.6239022654,0,81.30752544519206,3.370977242194419,212.6858323564747,7.491412756355527
22,15-10-2010,755355.953987614,0,88.49255464154487,2.9807218469820578,212.92429374337084,7.590004761104471
22,22-10-2010,1508078.2195362868,0,5.933039057852852,3.66967790637811,196.51842603182686,6.925073443881552
22,29-10-2010,926276.1268428601,0,76.14092833213374,3.401316196495255,211.6720908364716,7.5011712644886686
22,05-11-2010,1002219.0440639158,0,71.57857297142469,3.730021161930233,215.40441239776675,8.255349780288475
22,12-11-2010,862865.0164819739,0,76.4059674901793,3.235538748807345,195.08121307950347,6.0960878348373235
22,19-11-2010,640317.2157284371,0,24.980488511895437,3.4112540581128585,200.82441766634844,6.630681229841811
22,26-11-2010,684112.7402564802,0,43.64216315722989,3.808211052407367,204.25133246713722,5.898225637060226
22,03-12-2010,997004.4452740739,0,54.38995893176765,2.7985669213960724,198.91861009608584,8.112100619221339
22,10-12-2010,1137058.0169421935,0,88.04018651838244,4.209201273018291,196.6156421518518,7.696136241969568
22,17-12-2010,988146.3954799317,0,89.5022472861971,3.4032861857093972,202.18388987544174,8.288863425206301
22,24-12-2010,973399.3672139873,1,33.582154349876774,3.8644093188298183,205.92555307928768,6.964856420595292
22,31-12-2010,897835.0362271763,0,63.17512101875086,4.0780033347255635,193.915060962688,5.99213208677787
22,07-01-2011,1050747.4593549666,0,24.13847204175221,3.687242788795643,195.9105811075873,6.634817383706266
22,14-01-2011,899351.2689396638,0,91.88355912408025,3.5517690769745878,214.3115211776174,6.739963749819555
22,21-01-2011,823997.6036618472,0,65.38361840510319,2.4828755702445386,187.57750768530877,7.514048140686468
22,28-01-2011,1310126.1186515335,0,49.91403968374753,3.196088053692188,182.34612412970026,8.740941486596991
23,05-02-2010,742103.8825580624,0,61.168989614112995,3.2762014047417933,206.5188394793697,7.447252155492251
23,12-02-2010,998403.7591296592,0,43.80550328465432,3.593900169021261,192.12825930013003,7.203359459998768
23,19-02-2010,1136348.6817630283,0,79.25005771600203,4.0631737662174885,198.4257866622659,6.998732146512503
23,26-02-2010,1120187.6761423452,1,81.79073166153282,4.682703885999986,185.6127989894313,6.774737357508647
23,05-03-2010,524313.6680253344,0,63.85303065296049,2.9548824599071244,198.57751571360214,8.514714612494403
23,12-03-2010,1082134.9170839603,0,28.637113731598987,3.728606531846257,196.06617702255343,6.237582049397085
23,19-03-2010,847927.2717567739,0,52.127768359339804,3.164337884865759,201.35053165812226,6.685585216633225
23,26-03-2010,680886.5507555546,0,38.019215509362816,4.3983326008375085,191.4650451993866,6.330563086366509
23,02-04-2010,804338.4100355004,0,95.96960174276235,3.811466134905982,218.10327590722696,7.658935354853684
23,09-04-2010,1216965.5480312216,0,49.09825540008819,4.408377814787553,187.30708894756896,8.536156772854945
23,16-04-2010,977736.2302404399,1,65.98171468042212,3.3613984423291585,204.8469077961841,6.593908871108436
23,23-04-2010,682262.373924482,0,45.60020933556122,3.0379685963294674,187.4649398762824,6.785045161921049
23,30-04-2010,1077149.993636339,0,74.05319996998611,4.157547005053902,212.84590718685138,7.143764643108585
23,07-05-2010,983057.9134274293,1,78.72112335872032,3.8884683514657583,200.3047641392063,6.1027469938387435
23,14-05-2010,869409.9688335839,0,49.004212807239334,3.452263677856951,188.88494619298876,5.749686417040687
23,21-05-2010,1042163.0155918382,0,24.891242053785803,3.152425320961564,204.73145453267787,6.297088561960432
23,28-05-2010,952438.592514812,0,69.32862574824634,4.156042208053613,209.36102435196952,5.881939572018172
23,04-06-2010,1232705.1719252653,0,83.82181366292383,3.4265732393723494,177.8022205254815,5.600318495267314
23,11-06-2010,950126.0749655038,0,36.73914699430796,3.4769692979377673,196.06453680126813,7.684661230543745
23,18-06-2010,1213982.6870821943,0,88.68619338704153,3.6423772966927843,180.36710852161025,7.460824865403866
23,25-06-2010,1209679.9775627083,0,58.37865789129166,4.017054995251801,205.9203682581998,5.936006383434447
23,02-07-2010,1332218.782379343,0,50.01722097059269,4.098584013623927,191.92408659901704,6.7765274947630605
23,09-07-2010,791032.7372193858,0,95.67845190403537,3.265008713334996,201.94929573810978,8.405713051015827
23,16-07-2010,1096844.1548693683,0,76.23411143226531,3.665959223853944,229.35406206388467,5.972076234989261
23,23-07-2010,657879.3291126972,0,52.13819598597077,2.743851004158002,192.0362552491049,7.6596522987772495
23,30-07-2010,915440.2290780273,0,40.9076379609988,3.7591094752227057,194.93810938914663,6.8204854251275195
23,06-08-2010,1178846.554900187,0,44.67354950437148,3.4014263095207937,184.93911154939823,8.070579467578277
23,13-08-2010,982991.1321923953,0,101.28440269704822,3.579047437933405,208.19739717258093,6.8045273564140265
23,20-08-2010,1059445.4443170172,0,93.34513683499068,3.6451304027017746,178.46723927956367,6.04825552670828
23,27-08-2010,1362299.3763743534,0,59.35905011672573,3.5167623511942936,177.82408920641228,5.8318221721498
23,03-09-2010,780624.9841232027,0,76.44132156065055,3.392325657585862,209.92957130452965,6.750305827533206
23,10-09-2010,926310.0249267945,1,84.03863339079086,3.5043942213160357,200.57864047426756,6.734407366737589
23,17-09-2010,1136890.0955272855,0,51.57602366774174,4.059091508575354,211.98642608995465,5.378991715423661
23,24-09-2010,860434.1423492203,0,55.995974913992605,4.19961397503558,215.39142345810652,8.572398210270327
23,01-10-2010,943574.8446132177,0,84.6140580996894,3.6312640061616626,182.95633291703734,4.926093995028354
23,08-10-2010,647751.4842726713,0,41.79351316143432,3.8475826241650704,196.2436633928266,5.695183109567051
23,15-10-2010,1088332.512837212,0,31.32539950379543,4.346164860338609,176.73936286610828,6.530870340675912
23,22-10-2010,919197.7138730404,0,20.70927923794151,2.7594271376891424,199.9763108386719,6.456393103906947
23,29-10-2010,1398407.3271918618,0,96.67793092048751,3.2231455034620753,192.7926601282457,6.992727405000293
23,05-11-2010,774705.3750506885,0,56.54308650371778,3.2821177515146904,204.42316868164485,6.249270392994402
23,12-11-2010,769600.4904841713,0,62.18165940699664,3.2575227866008687,204.61518046378114,5.3721021534179485
23,19-11-2010,1212057.7281774634,0,48.43773082568713,3.3709957319011954,193.6377628734807,6.434939526448807
23,26-11-2010,1374214.8964616228,0,42.98231821922202,3.505968390090694,196.92443264818738,7.443397950636057
23,03-12-2010,1020262.0566442504,0,110.59855498503904,3.003203498034276,188.79582081063612,6.245133803428079
23,10-12-2010,1006428.6293929121,0,25.484577503748532,3.1183254066424437,200.05685698039676,7.850186553848376
23,17-12-2010,1124250.8907910385,0,43.48334453523905,4.423197960299624,219.33359747714357,7.256750798661788
23,24-12-2010,997696.982384671,0,80.61319616483118,3.10766230621475,207.11045304397362,7.990958187035662
23,31-12-2010,939593.7954434473,0,33.001487242774544,3.2724005475919204,186.5274608241865,6.101200189756162
23,07-01-2011,1110203.41204526,0,45.330358666434414,2.4010432772129944,191.1743958855447,6.952502554545137
23,14-01-2011,1042049.2440004586,0,63.60589761006889,3.092565925545328,185.23737455998221,8.805574432686814
23,21-01-2011,873345.4590579455,0,58.06479793626222,2.9039868290084074,200.16120897460655,7.2306973183344345
23,28-01-2011,832206.3120711645,0,45.848954294117874,3.2306048477116445,192.7978797899321,5.874345032199415
24,05-02-2010,991741.7276430677,0,30.50994625903529,3.637992246456236,220.4225784051079,7.57212571760839
24,12-02-2010,1119186.2694078332,0,36.71898735188349,3.321004782793332,191.40386486121545,6.109431189408985
24,19-02-2010,578032.3518748716,1,86.78653178959999,3.866674116344519,192.76091810845728,6.098630285157754
24,26-02-2010,918666.2561923113,0,81.37584642788585,2.857000146741753,189.11588764327155,9.560502959355684
24,05-03-2010,1350185.1883854286,0,59.36962973343792,3.8572653455260846,203.0360427128372,6.5037224669103
24,12-03-2010,1342832.8714831113,0,60.421854957011746,2.934466382248706,199.32722535086467,5.925338960567137
24,19-03-2010,843529.2154996013,0,77.06330612826383,3.3565039071045004,211.5048705003335,6.749763834342925
24,26-03-2010,936441.9572175378,0,51.4203856525516,3.982384947151223,212.99987372262134,7.960305168086668
24,02-04-2010,641161.6266901128,0,81.66290425321469,3.180848379284558,197.58048475342216,8.00995549670708
24,09-04-2010,733676.3767577128,0,30.70050507790222,3.1657725445734113,190.01905372230965,5.245715147177501
24,16-04-2010,1018905.5135176936,1,96.12178235673923,3.501980640462294,194.08556180460562,7.770022487130708
24,23-04-2010,1030868.8465284682,0,82.33362550135044,3.616047318964269,204.98883194768212,6.657851348872761
24,30-04-2010,1039015.3850845204,0,70.74957409212857,3.2601466302210884,199.69747338274578,6.812966371125279
24,07-05-2010,1390942.2394522578,0,98.24010938105394,4.082030076292969,213.49179048888706,7.024431840178035
24,14-05-2010,1064199.5127372046,0,80.0447233340585,3.141047553545394,217.09207154352964,8.939032700797979
24,21-05-2010,1170536.0751654021,0,54.46221288462393,3.1641396053709614,187.45839013004397,6.444983298455891
24,28-05-2010,719526.143315235,0,101.82188545464953,3.9976451997610156,194.2177983337908,8.113272312739392
24,04-06-2010,1187831.7826288363,0,47.383088984182876,3.3510665975215694,207.69031655442276,6.47261093836038
24,11-06-2010,998978.673594555,0,67.97527528849629,3.2924776997811827,191.60308339638752,6.248744406305327
24,18-06-2010,1027788.5619408032,1,74.29491299777891,3.383137971074137,207.0745771086438,7.776931692354829
24,25-06-2010,1321583.0122238314,0,87.06907295242407,3.935224584870654,220.8541062209215,7.437823766243572
24,02-07-2010,1065109.1630644144,0,59.29807066430811,3.073033545769972,212.9046074137635,7.055199242530089
24,09-07-2010,1409741.6515397702,0,27.49015459600335,3.5537428591657094,195.69182397611803,6.667915253325805
24,16-07-2010,1063613.6325722495,0,36.86117205541058,3.6612523301449524,186.3589400618164,6.468122249710671
24,23-07-2010,1100183.4658171716,0,40.35351455446448,3.151358159765093,202.42956352131353,6.756921943920792
24,30-07-2010,1172774.3319104013,0,14.284455110101,3.1087043187259336,207.663884765724,6.586105057725143
24,06-08-2010,1092159.4487231935,0,29.553313634365118,2.545471824824433,207.69565143781008,8.11838128211058
24,13-08-2010,726295.9714549567,0,81.00098083106853,3.662329117751259,201.42990634809217,5.273989381333234
24,20-08-2010,945926.6606477661,0,59.45231359192512,3.99202072645224,217.29289675723976,7.485715841353997
24,27-08-2010,1321742.7766097789,0,64.72447292528466,3.030422215114659,196.1561262340708,6.794233006322828
24,03-09-2010,1321123.9665130237,0,18.38518949218043,3.9376450267082643,213.4202275099325,8.176490437635032
24,10-09-2010,845658.0625883259,0,76.01403895091153,4.529922500868701,205.58723836944486,6.843522623876842
24,17-09-2010,1068585.2754642684,0,84.86938256691927,3.2015854059421436,188.9214718044349,5.125271719438592
24,24-09-2010,956918.7744058014,0,61.061186258652384,3.932644878067625,195.23123539356163,8.67711587018687
24,01-10-2010,707899.8201163025,0,83.82521363263665,3.4674497306223477,227.22948687724303,5.337885286448559
24,08-10-2010,1123932.6236324848,0,55.59963944680652,3.43629656380502,201.02645528539665,6.70220384377604
24,15-10-2010,1126645.0620230187,0,52.24740334673507,3.5876225970162805,180.68376022823125,8.096542795975214
24,22-10-2010,597399.8735380638,0,86.28149963049208,3.025625652366,210.61256258512117,6.566610433313847
24,29-10-2010,1350638.960413117,0,52.69694773603573,3.737021155756103,206.96065417077048,6.5350738255841625
24,05-11-2010,924429.0222430212,0,50.443202985924174,3.477696733908499,213.42180131244854,5.065912254540423
24,12-11-2010,1004616.1317900842,0,72.49807189308086,3.218897151889868,200.57697222165785,7.724167240877164
24,19-11-2010,645358.5184421907,1,52.19182523439058,3.7580720197931896,193.47471706783355,6.388822847980673
24,26-11-2010,894401.1956468773,0,87.06138320332815,2.6740409084041064,197.6106817854288,6.498530576641526
24,03-12-2010,1001074.0757672007,0,66.19453558272005,3.737875995915766,205.896392313574,4.348171936955051
24,10-12-2010,1273277.8823708878,0,45.24526590630318,3.8936364940005923,209.31115908390933,6.396020113392776
24,17-12-2010,779703.2486046086,0,83.35483851055558,3.1124775184918803,191.45506537261946,6.596934131963278
24,24-12-2010,1054447.3450654775,0,58.85459178355796,2.9057322730194497,219.88820053783795,6.9779136850084225
24,31-12-2010,843699.1073452113,0,81.70444527323264,3.519277584392159,195.16341362562432,6.753275575885559
24,07-01-2011,966316.0575942238,0,72.07291477921477,3.1807937906652306,210.61086628158864,6.300696560897494
24,14-01-2011,1082925.0798534567,0,66.28889181749705,3.320520807410293,207.29772937034195,6.068998288367559
24,21-01-2011,1008606.1946642563,0,73.73715822024512,2.50937818972311,195.56590326781452,9.426463674606993
24,28-01-2011,885081.9938623916,1,58.36211240855014,3.995595556463333,207.47444971427055,7.297876191023845
25,05-02-2010,1090031.1267893296,0,57.91283101123827,4.287474349653819,207.5880093397577,7.1415321321497
25,12-02-2010,1334705.3683435186,0,65.62460984437209,4.244799704723825,187.29637953674913,8.15469376671672
25,19-02-2010,1473482.8728054243,0,52.44470224955046,4.369832625985225,200.8528406873324,5.2297558240245134
25,26-02-2010,782604.9492698788,0,82.13420848574634,2.3626894843969,197.95870231127284,10.117681129208048
25,05-03-2010,997591.2894080137,0,37.58464698607501,4.3196519416845485,210.78719050803016,7.808662765497287
25,12-03-2010,961164.0525474271,0,47.43701200488715,4.143191068497766,197.42947591186936,7.277552513493532
25,19-03-2010,813378.7845625782,0,40.06136747195747,3.4059485622274743,196.47315101004418,6.379266253397444
25,26-03-2010,861043.705052967,0,57.646901367956715,3.5075138751435486,180.826511139897,5.528873594626482
25,02-04-2010,1067255.5778495125,0,45.25941277694606,3.9839868721371676,209.35868829219842,7.436732555564835
25,09-04-2010,1080241.432696599,0,74.38337332710874,4.409885893656298,199.16910672256816,7.648881925903839
25,16-04-2010,883119.8046807938,1,109.04739825737448,3.501073141063271,191.87424217689193,8.019343267248685
25,23-04-2010,1130568.3068642314,0,57.05720990371786,3.1716879646001477,208.73989751006883,7.07843924608367
25,30-04-2010,1036598.8899290521,0,43.31457313864069,3.7401675234767384,197.19073375792226,6.838764745320731
25,07-05-2010,1141508.4701868338,0,88.72859039117733,3.1480418372922276,189.4529554503408,6.932769692803869
25,14-05-2010,983481.484929742,0,75.39937462670446,3.4594880816306,199.7763113812166,6.99103367423626
25,21-05-2010,810514.1909878647,0,84.99420840368637,2.9717514646873697,210.75221541181915,8.047276408559462
25,28-05-2010,1172687.4560379758,0,59.68873822259412,2.8056889927325077,197.7026466850215,6.844178944426183
25,04-06-2010,986902.492395677,0,43.50775980469956,2.97059992587609,192.84487014514772,8.121499211849928
25,11-06-2010,867794.9890745012,0,49.70122587133455,3.432967375181812,189.26539255297305,8.979286405501464
25,18-06-2010,1014639.7256325566,0,38.99626925276661,3.0138508776325827,195.49746612221728,6.243995980543395
25,25-06-2010,1044785.3747893213,0,21.069494272822716,4.23285862085203,192.05937742963977,5.748396407535256
25,02-07-2010,804444.3578082297,0,72.70658390432412,3.4411663489035735,195.4453294375026,7.244957093172004
25,09-07-2010,1094926.6971133584,0,74.1518364394924,3.3180531052455384,212.15480593634632,7.065937593427987
25,16-07-2010,694536.2025164437,0,107.38574601622994,4.197717041099593,202.41802071555747,7.301407069781117
25,23-07-2010,992683.9920246309,0,25.243907683070013,4.336969898622384,200.34862415329167,6.587653306576593
25,30-07-2010,879739.9070976535,0,50.9739427131267,2.9910442547614204,191.77834393310593,5.712394716346939
25,06-08-2010,819910.3077243946,0,88.38911361595677,4.225043521087876,187.29768160972452,6.123606256525242
25,13-08-2010,1136068.515597265,0,36.16250591617501,4.471764440561099,192.40326982247447,7.6636463470328415
25,20-08-2010,1211913.1145246795,0,48.89439006189341,3.3315668974797332,215.2271129929617,6.214299779121657
25,27-08-2010,1299693.4648274083,0,64.17707085068663,3.529106363542528,196.0656210372545,5.090802541022757
25,03-09-2010,1094096.5992258212,0,99.446889581644,3.687220612225916,209.01206780492308,7.845851184469003
25,10-09-2010,931570.6873753079,0,53.678340777540534,3.6571693415657154,204.39150133700417,7.833179431270182
25,17-09-2010,1256558.993767796,0,61.56014836957715,3.1901817880417678,191.18685337677258,10.276399345113
25,24-09-2010,1108004.8393978486,0,67.6270566916057,4.182763231263133,193.69857169857653,7.5740419308840305
25,01-10-2010,978027.1753796128,0,56.318262659681615,3.991961768622226,197.6323944196246,7.671742482191872
25,08-10-2010,656976.0090610608,0,81.04422311914118,3.5487170551486513,197.73057533862075,7.400000005613567
25,15-10-2010,1457758.132176058,1,24.7352660219303,3.114606298479862,214.3440804503483,6.103333505666618
25,22-10-2010,393761.2335019822,0,37.31657709444419,4.014590218063984,182.058564888014,7.539764512828342
25,29-10-2010,934692.8294930857,0,36.581502123850925,2.797359056372555,201.62383185133046,5.771254744247811
25,05-11-2010,1006029.279756403,0,50.980119659413816,3.6469746939715812,192.27457888157764,6.942036000331697
25,12-11-2010,697233.8997510292,0,72.61751207192312,3.903630528167821,200.33216563013147,9.208516680009174
25,19-11-2010,1261212.2923685452,0,75.52457009448213,3.2580332775243837,212.37180800289008,6.745523923354659
25,26-11-2010,908394.9633970887,0,69.50669850854983,2.9889318780631884,189.43290551636775,8.04749691487599
25,03-12-2010,810855.6824963054,0,47.66449276960584,2.8260021078164157,193.943200000642,6.967957629319513
25,10-12-2010,763805.5032671229,0,36.96637781931313,2.996002880565755,203.59853964754996,7.340034609205738
25,17-12-2010,941143.87748773,0,78.96285900944099,3.3470227842342037,187.6352171340765,8.274440227848903
25,24-12-2010,980931.7817606635,0,94.60643629714338,3.513285981702153,208.9359204063146,6.459046096520267
25,31-12-2010,567239.3997301944,0,55.49013153330728,3.6477558457951695,194.41204181115043,6.687928067947267
25,07-01-2011,932436.9811617194,0,47.451585311472535,3.511256487198864,177.22437393150915,6.8763068104882175
25,14-01-2011,925451.5511942621,0,49.67766716257131,4.562278114914507,172.26185060066084,6.820380278594366
25,21-01-2011,1345138.7585629541,0,62.43688928264908,3.407543640561905,206.50088908081645,6.129378976874115
25,28-01-2011,984628.761990589,0,43.993291876693924,3.250506372010444,217.44861406623494,9.404837542253972
26,05-02-2010,1043441.5875056802,0,50.704655521765446,3.4329373104774215,186.3535132613062,7.238465140323795
26,12-02-2010,1356976.4798064702,0,79.70799422900099,2.7070771798070763,201.76484183662953,7.451226016136099
26,19-02-2010,985378.5395982123,0,44.184581618292924,3.4069961528539516,205.89024169925716,6.729485118095804
26,26-02-2010,1228504.712175626,0,85.2169903999862,3.808331988235559,200.8797354712917,6.559725363149196
26,05-03-2010,894200.3171593746,0,38.48526703116777,2.475397114838079,196.17747752428124,6.96700969717275
26,12-03-2010,896527.4021715535,1,75.89846227751119,4.174567552556715,210.58170093824103,7.4705098473785565
26,19-03-2010,1002372.5358361568,0,40.38423983172882,4.091909529255388,203.08852648787152,7.208382312519621
26,26-03-2010,906522.7849409077,0,29.488565838778324,2.9229183076102294,208.55201507748262,7.264290210153251
26,02-04-2010,1262756.4353143615,0,59.690567185465206,3.4298584833213157,194.7484146930174,8.250286912941233
26,09-04-2010,813249.2527719806,0,67.26008569612154,2.639461239519765,196.4159642448711,5.775000111339949
26,16-04-2010,1235306.650757553,0,48.325557328747976,3.68925107445876,194.10609405149557,5.510468646619703
26,23-04-2010,870430.7903187813,0,16.94172968484969,3.4846067487932926,194.38069886142074,5.571095393488273
26,30-04-2010,1237845.292251157,0,73.34490294858483,2.7731007246268637,199.67972430841354,7.8902605314672005
26,07-05-2010,1211497.8558604356,0,67.92733912934702,3.5848738839853307,191.53502197131093,7.607947567005754
26,14-05-2010,848900.2233732102,0,57.96026690812644,3.1630393111684794,214.33834489160157,7.9515573777304995
26,21-05-2010,661300.1818329855,0,57.42245242622493,3.2454530973442153,204.8535990755319,6.150895149009776
26,28-05-2010,1061133.1137285193,0,45.374908623740865,3.477997227529087,196.59487955288824,6.985680557284227
26,04-06-2010,916498.3852969937,0,43.8469888450647,3.3042150113219804,215.0506203860833,5.919997391617867
26,11-06-2010,1032559.3236199825,0,89.90060619471674,3.1782824664848617,190.94210621398213,6.505694398713645
26,18-06-2010,866674.2768642709,0,114.43824295812986,3.9222279360358328,211.01737861786208,7.491993486836496
26,25-06-2010,678748.6423196084,0,67.89915940646614,3.8559787333586324,190.30948948462418,6.7667160168427305
26,02-07-2010,1295146.535798469,0,38.04778035448547,3.3191859453137273,214.35570993163623,5.171594119158037
26,09-07-2010,586324.8569137936,0,61.78790557863226,3.6093823683923856,212.97249200186053,5.2345713024742935
26,16-07-2010,918644.9567412222,0,82.07440027445193,3.307755439479241,199.3661014796519,7.482790124060318
26,23-07-2010,1216716.620621999,0,53.33078613636456,2.7386427451047473,202.94392759136207,7.219641586617015
26,30-07-2010,1334392.592014655,0,46.541893359811965,3.831420546510816,208.9318834720725,7.641894122858639
26,06-08-2010,794060.7520733878,0,50.319657527558306,2.474600072002926,193.1768892779287,5.669190738138001
26,13-08-2010,1046848.8084078542,0,43.22998767232096,3.1287566111152003,197.85462335482038,3.398914895540482
26,20-08-2010,859742.08584169,0,42.48370350707413,3.9692077108945574,207.59032676867218,8.797733840577358
26,27-08-2010,936732.8910519871,0,50.002551391782966,3.771516139644826,197.66102199546407,6.8039067893230625
26,03-09-2010,1081937.06874931,0,48.06012823158135,3.8519829025643135,208.08820402277848,8.607854336808247
26,10-09-2010,1180506.592015065,0,80.6330754915035,2.7955404486547377,204.44895895009884,7.850719394460647
26,17-09-2010,1178372.6044321498,0,37.73410331770738,3.402279063103558,205.46331706001752,6.979760278702353
26,24-09-2010,804382.32475031,0,45.464517243323144,3.0611913215685473,203.32719329585188,5.666851991522791
26,01-10-2010,950532.8072207164,0,66.66461069980043,3.774714753717882,193.39971851089257,5.983116014452155
26,08-10-2010,898931.0215599407,0,56.55917281469055,4.219084600572851,201.65240050064926,7.012521864329786
26,15-10-2010,1327442.3289405706,0,31.372903058911458,4.287802279577867,191.36542762811607,7.068893616722854
26,22-10-2010,1142437.9837006554,0,51.91685681041395,3.5008974364390535,201.17707418460958,5.328238726671833
26,29-10-2010,1542066.3288669786,1,70.39742036203823,2.972306889329133,217.99064234023652,6.653415418381181
26,05-11-2010,943670.5235490139,0,88.38071222734527,3.6466760181614917,207.2981936226763,8.39192088767992
26,12-11-2010,1004377.7642329669,0,66.33904013968231,3.2338691369142123,207.04129848049277,7.796965795509925
26,19-11-2010,1326645.9033039883,0,31.85413113015195,2.850948048156421,213.1422657570358,7.713266250796543
26,26-11-2010,794807.0365038444,0,72.14578030203386,3.439240160899881,214.58681337458722,8.539017375255415
26,03-12-2010,1041576.0753555382,0,77.82687803210493,3.397822136677176,197.0955851798885,7.444145171087257
26,10-12-2010,1163150.8973304138,0,72.04946872564727,3.1816024492252213,203.4810681471471,8.10618683812388
26,17-12-2010,940750.1602471521,0,62.159678414504576,4.803429581574885,201.93406367189718,7.059691880579736
26,24-12-2010,1021236.5838880433,0,47.24382614280128,3.0882386915715117,199.63623376340496,5.090528982098743
26,31-12-2010,1137677.386142562,0,61.477268688217606,4.096793267738131,186.59511358633563,6.680173722111244
26,07-01-2011,1028862.0038870157,0,23.325884647411307,3.7260486442253438,186.7638460151096,8.42037984802835
26,14-01-2011,835532.9057294552,0,92.78513033483505,2.5386141139688316,205.7707218383514,6.821976709936162
26,21-01-2011,1031031.0685730713,0,52.03433932914903,3.238612525891718,205.02797294525578,8.04848487370455
26,28-01-2011,802837.9007049054,0,71.97992683368528,3.9266744886700735,195.05809976933088,7.2838445673027366
27,05-02-2010,1192500.5183906597,0,83.31189790288256,2.9920201684027163,196.32644191231753,7.8190549384207
27,12-02-2010,1022916.1234201689,0,72.83894258887402,3.3648661978180554,202.17718201087166,6.175349659709313
27,19-02-2010,1140698.429645005,0,58.443571277270536,2.6595524586267545,195.00160402598337,7.279748000699985
27,26-02-2010,1197216.7782955423,0,42.169130202909905,3.53485213471464,193.49343378663804,6.673352436811388
27,05-03-2010,1400485.4935289593,0,53.84857165768402,2.8680595854629445,209.68025075870585,6.1885184630154955
27,12-03-2010,763436.8995391421,0,2.9993978136563584,3.772291200396814,220.54193841256068,7.147820739036527
27,19-03-2010,716746.2281318785,0,47.14447234200104,4.136832527065219,192.07136394927682,7.763438181389477
27,26-03-2010,1234837.6330118643,0,90.5362532715453,4.45127910261478,228.65212023085962,6.098007350556802
27,02-04-2010,1564844.0852790405,0,52.91587222982423,3.6486171362487583,195.351766448729,6.911087409096538
27,09-04-2010,862255.1686951453,0,85.71164468723359,3.471469354284422,201.41595786739882,7.475258604717311
27,16-04-2010,1234132.325863532,0,26.895505756211342,2.552808902037046,206.29637603025589,6.79241565485696
27,23-04-2010,1264263.2405606809,0,86.60864688757633,3.4397064057632654,186.59875104345215,6.514321255424953
27,30-04-2010,702427.6593018754,0,37.49627796537676,3.2378256918758233,224.0612235800327,8.255105416583083
27,07-05-2010,1137341.840869713,0,66.70108703824343,3.782394552953824,197.87910330079575,7.542203006909048
27,14-05-2010,932424.4449052387,0,60.04463244324804,3.3154363634637534,197.5969919485175,6.251026902729954
27,21-05-2010,888780.6127542395,0,46.217764045564195,3.7338450519294426,213.10605912813463,8.17110197166956
27,28-05-2010,748686.932810913,0,85.78406102813747,3.762653731251075,182.5362752037632,6.615674773141228
27,04-06-2010,899629.6821067401,0,72.16534332688379,4.172967503919158,198.25352054318373,8.360168130828013
27,11-06-2010,962061.3013095185,0,76.99169062093235,2.1503388252838502,188.21330763702477,7.149039700624997
27,18-06-2010,1306432.7539217095,0,31.121489058524862,3.7224267687787442,204.1156571916428,6.058596830997975
27,25-06-2010,1224193.4047228754,0,76.11149405612346,3.754514177033988,211.5389413453849,6.139453427451372
27,02-07-2010,869264.5892503884,0,87.04078731948653,4.549703760251255,199.58751871020797,9.159121154603291
27,09-07-2010,1018262.94572227,0,52.390881916672974,4.2458910817120294,195.17316736352652,6.288338461423694
27,16-07-2010,860591.0597281156,0,80.60499387939134,3.309981576855323,195.95204620579707,8.132804697174807
27,23-07-2010,1319479.4586443247,0,72.89379606568467,3.5917365593557835,200.4480245638794,8.263853839910121
27,30-07-2010,798009.159464768,0,61.71026659279198,2.6421458406809353,190.7107351753927,6.495871326348336
27,06-08-2010,985428.462231789,0,97.78557591007993,3.1007302427206196,202.21567527608238,7.459180167334863
27,13-08-2010,941084.4719000009,0,84.18461294447876,3.487856752164987,216.38960527599832,7.908022662536191
27,20-08-2010,858512.0910375625,0,104.19711331496927,3.9342221552979657,219.2781299743857,6.5158528691127895
27,27-08-2010,1011051.2196573353,0,56.55250085092676,3.85736586375885,212.77856655030513,7.570487330863574
27,03-09-2010,1020344.641694354,0,89.96023540608854,3.9457606092029147,197.50860753760438,6.198608729737411
27,10-09-2010,810559.3977680991,0,52.4522696507558,4.172427015590348,192.67073961891464,6.259767747451292
27,17-09-2010,1424198.713169022,0,79.55695129308663,3.877621499495286,198.03074277424764,6.780397905774426
27,24-09-2010,798374.00864463,0,-2.770293324680793,3.431505211153029,188.58058180838688,7.059905256796438
27,01-10-2010,674975.748223495,0,61.6582370634408,4.462813063730972,188.9674929452966,7.914259544794123
27,08-10-2010,1232080.3658534684,0,28.939294443203586,2.7982206852181686,199.16216900110936,9.254038108921119
27,15-10-2010,959532.2186259825,0,56.33509513581436,3.3697902334237306,203.70598413980213,7.176885839430009
27,22-10-2010,1069845.1125088932,0,47.415586543052754,3.146646615813497,187.0687774959503,7.083872501760934
27,29-10-2010,783918.5341442997,0,36.45166989501423,3.8067359683458895,193.73207750439943,7.2250578852579395
27,05-11-2010,1012232.513570183,0,63.66025856622964,3.004236479447684,201.05278623909678,7.150602492844634
27,12-11-2010,699390.6281285039,0,79.91387508740723,3.6352988580578267,193.81888568326426,8.810302610004163
27,19-11-2010,1079853.8815228352,0,47.6326995991174,3.1025531764991547,179.27644818304003,7.1540318416835875
27,26-11-2010,983460.4509963202,0,82.72382749285084,4.219646741917734,204.24898149905815,7.97412336929593
27,03-12-2010,901636.1019034339,0,30.82483214938613,3.617567649683094,180.1531205855409,6.732862514058246
27,10-12-2010,1088070.7987755828,1,49.58062897537808,3.8302104679706557,198.5263986524371,7.031427009353846
27,17-12-2010,965082.4551544484,0,83.07005699563088,4.08128683409392,204.35546318992363,7.166485272577147
27,24-12-2010,520783.54233391676,0,46.42039307073736,2.4164549692371216,190.89357479912005,7.356970097395267
27,31-12-2010,989920.0098801956,0,59.23352328605255,3.909382985424408,211.0677451862433,7.414784462079242
27,07-01-2011,807320.7317602863,0,21.35869682960081,3.831920680627733,198.04575797030628,6.827503965602544
27,14-01-2011,812569.7684331355,0,39.71671563746064,3.669487946834131,197.67726497200528,7.010545711741026
27,21-01-2011,1228050.110534241,0,36.3953653159926,3.287532105131238,198.6824181180822,6.7974770025309175
27,28-01-2011,1034906.2816688969,1,77.58028309114015,3.026754602005786,198.17839416142075,7.281211682584066
28,05-02-2010,945398.6503954831,1,71.70042664575597,3.5501448612535196,197.8604457081245,5.187641293572881
28,12-02-2010,1526123.0019703745,0,41.82994976975618,3.802053727719522,183.82828109954454,7.346312710224886
28,19-02-2010,873990.3137303318,0,45.31676267757972,3.474407577179786,184.18644773869943,7.388422894312865
28,26-02-2010,1136444.216182566,0,65.27511169645152,3.2206002139688295,204.6725221518279,6.4557038536857085
28,05-03-2010,899115.4633405661,0,29.602144007620304,2.9455918393567275,202.03353758404998,7.555089699441587
28,12-03-2010,1056127.4733565373,0,75.81518624465059,3.4889849637415296,182.3186896729328,9.99281057006064
28,19-03-2010,1349171.7940546272,0,74.45349649776597,3.371920778389277,212.75373407263208,6.191811341751862
28,26-03-2010,950230.4562017941,0,50.58489801750436,4.060594071284952,216.00097846820478,8.528331563486246
28,02-04-2010,1151406.4130107956,0,54.947502623947265,3.549735479054575,199.929590914693,5.671979140875775
28,09-04-2010,994632.0863365696,0,71.14817113702371,3.816108157015925,206.8233878205966,7.9465770035733865
28,16-04-2010,1120810.3289843246,0,51.799411769221784,3.343135638470076,197.40347591705304,9.097695189005327
28,23-04-2010,1119460.6733663038,0,104.12937959769344,3.5398247913069625,161.6334445154063,8.236832466127266
28,30-04-2010,891924.7322025892,0,43.97032156337986,3.263439247695322,192.88693320001124,8.730171804985622
28,07-05-2010,1284512.0657685027,0,72.45888060826616,3.820770822468006,192.129637210667,6.02173435073376
28,14-05-2010,898673.0332424161,0,64.7974550456945,2.839442166586494,202.50631674341463,9.167245973132994
28,21-05-2010,777867.3460097513,0,70.89249148998677,3.7247167579736313,209.21025839730993,6.520281103233864
28,28-05-2010,913472.4967332943,1,103.71461233445149,2.805744875541379,191.07515980867396,3.8833471525401086
28,04-06-2010,1010398.4064349289,0,81.12202503339978,3.8941458283180017,209.14077164224034,6.012953821063685
28,11-06-2010,1323174.4980244627,0,40.70213399627231,2.682160515499889,197.30864448408758,6.849747975983343
28,18-06-2010,991877.3957358638,0,127.54765838165292,3.8382537382199873,195.90659424781376,5.943888430812914
28,25-06-2010,623942.3178862431,0,39.49561828525134,4.802079176622808,208.68211618385556,7.341559473447963
28,02-07-2010,1078825.779178422,0,49.62724005030848,4.3591819978819375,198.1080981872492,6.9136621417532735
28,09-07-2010,556835.5149958663,0,56.09130306954472,4.017866233486471,207.48195784394147,7.1714097959035055
28,16-07-2010,1117419.5852600592,0,49.35712219653796,3.3057158897543983,188.76121594874405,7.378046260427883
28,23-07-2010,1491974.397005876,0,75.62994478921264,4.01352292608888,193.69179006092557,5.479537417529114
28,30-07-2010,558325.5621974196,0,39.91840734089945,3.972192611417695,201.5165727214502,5.97624405229215
28,06-08-2010,873282.0969012375,0,21.87526759821239,4.6917285183234325,198.835951005389,8.66675312854367
28,13-08-2010,1061444.208859138,0,99.48157375490047,3.688631629671113,198.12772678493118,8.032657516622013
28,20-08-2010,1290768.047424377,0,50.40070714575582,3.5642255336231465,194.08695361121053,5.160829610828393
28,27-08-2010,843282.9885032435,0,41.94691280024361,4.849164417968543,202.42070670287967,6.149024919318435
28,03-09-2010,1172784.7099924893,1,75.38271558620066,3.7755883511785697,198.8986842421731,6.588918382321516
28,10-09-2010,1147638.7918516542,0,19.79566690867874,2.8380244578902185,218.07630805670686,8.641428627722314
28,17-09-2010,1013157.7297297925,0,93.25862894379675,3.285568299651366,208.07725728355047,7.787931252496053
28,24-09-2010,1092272.7042160186,0,63.002713079124064,3.8562408822169023,210.3138052527733,7.388185795654733
28,01-10-2010,805945.7348183523,1,32.94268222071922,3.3308716778764618,212.14508011777804,6.9853062469744405
28,08-10-2010,1052034.3780672909,0,20.201074603577503,3.666188416759805,196.23577445411806,7.3160678697299515
28,15-10-2010,1116776.6044568003,0,85.68209390357795,3.8060412504018912,195.81464266660512,7.437113007920733
28,22-10-2010,1366590.105190751,0,58.86422808227446,3.0547821235286694,194.3571014728098,6.407297177042894
28,29-10-2010,1131046.7257027521,0,65.13994891171662,3.7946000661162946,188.4236831907114,7.37377487490224
28,05-11-2010,1111743.7674374755,0,92.52861469217719,3.618021531912185,196.13977202129303,6.08424495886644
28,12-11-2010,1049921.8916419423,1,11.185919704498318,3.268291214441952,189.3484398590464,7.827102381763341
28,19-11-2010,698397.1254734343,1,62.03576667414655,3.6531737669660114,200.92627587948922,8.242862562858315
28,26-11-2010,1024685.8363407297,0,30.83573772362499,3.0859864104061705,207.16705682238708,5.584086870463121
28,03-12-2010,725737.1647787754,1,91.48293572064817,3.327046359666586,191.62619210317533,7.895796218235929
28,10-12-2010,1185056.3785433662,0,63.37302735220391,3.721645463303713,201.82106032057328,7.329225866910313
28,17-12-2010,1062503.975955444,0,72.50636668043006,3.4153627808336875,213.5236254592615,4.635144627208488
28,24-12-2010,1410414.662284387,0,25.880818102185295,4.559620193614475,186.75083980577537,7.817036686259192
28,31-12-2010,796557.6284199682,0,58.70455480404247,3.546467826341489,194.50075167535655,6.489936049903918
28,07-01-2011,1057454.5028054854,0,78.87431011512089,3.397945436753279,181.7944711833876,6.565967736230988
28,14-01-2011,1332085.3706986695,0,44.67294781469968,3.46060579995985,193.6315478572961,7.741016951336449
28,21-01-2011,942369.9475154968,1,63.00948997547802,3.6072144652062237,198.28013504591823,8.761670232136877
28,28-01-2011,965743.3351071626,0,55.26925233262929,2.844225431050659,201.88073356991774,6.148819517552515
29,05-02-2010,1133066.906901775,0,104.19211152084756,3.57155010382155,190.0170694167893,7.26966778898728
29,12-02-2010,973927.7438041302,0,42.2857240040062,3.187582690782759,188.98713510160172,7.732151226054736
29,19-02-2010,1201460.8714946525,0,60.46770429317015,2.6892449542055834,186.60247746313993,5.704019979352232
29,26-02-2010,964475.0082713359,0,79.7721758699835,3.3094311516632904,206.03713240544195,8.401500346552158
29,05-03-2010,758228.2270758556,0,48.68125738215189,2.7291160376476014,199.2387277693109,6.533568587638728
29,12-03-2010,915014.632888608,0,63.050517657952334,2.7242312895159366,222.14329942556597,5.652290769690596
29,19-03-2010,935649.4592019584,0,59.350379283158105,4.069359033928049,220.93395725049928,6.028993176589361
29,26-03-2010,1084959.862695357,0,71.42282484076148,3.1382566887901,212.66661253198413,6.028937970892267
29,02-04-2010,977368.3011087832,0,48.89453823973657,3.8424210970527954,193.665465581163,8.196297543843139
29,09-04-2010,1357351.0897660644,0,110.10897810713787,3.2741794554115264,218.9514861210897,6.736838727940174
29,16-04-2010,725518.0524877387,0,53.88735115186409,3.889593788500402,206.59340995069113,7.852174181321905
29,23-04-2010,1000982.1117127107,0,51.353976283809175,3.615865471015196,190.72626994304068,8.288433622503389
29,30-04-2010,873145.0566365372,0,82.5769497509878,3.421449385005246,198.223729623767,6.001896089052228
29,07-05-2010,652896.4779280548,0,53.52182293568156,3.605939589414442,210.10379313283264,6.554242540203151
29,14-05-2010,823607.8471465652,0,31.14570427994575,4.357277073880504,211.39271399197102,6.525553008505521
29,21-05-2010,1063962.3269592356,0,72.77086634535198,4.34881188985467,203.3208146141681,7.646129676024172
29,28-05-2010,935843.2276296002,0,32.759132582904854,3.695139238529773,192.6588994876126,6.541611923146313
29,04-06-2010,1001204.2271633383,1,61.62554335182137,4.089421722012822,195.64922758423683,6.688324114234766
29,11-06-2010,734198.4725553103,0,45.153439742468564,3.5378133891952017,204.7059891350336,7.305248659617571
29,18-06-2010,1157776.8415097285,0,58.12192862573906,4.081500484852652,195.98790793455322,7.7095994793835665
29,25-06-2010,1185603.1318303375,1,64.16983941151162,3.5007314274068952,193.2634312839681,8.444260046820379
29,02-07-2010,713036.697730669,0,68.91677750458493,2.6388715330212404,192.79544929324942,7.411357631151439
29,09-07-2010,1082076.6553573783,1,84.29333560265805,3.122734322992729,196.91006231629513,6.132554003319404
29,16-07-2010,1002723.1228761654,1,14.884173378105046,3.715504846065038,201.73947208412812,6.381824957899831
29,23-07-2010,676165.388696827,1,72.59479028817476,3.263491166364523,181.56933185139715,6.072231700904297
29,30-07-2010,1020312.4847007216,1,46.00798382595272,3.3953121933440435,214.54826174146652,5.363596980793515
29,06-08-2010,1387172.2051361208,0,62.71711803132581,3.92346279060634,194.28381608430735,8.272757536635382
29,13-08-2010,684191.9777764142,0,52.31636668586049,3.118933275742951,225.85975175683896,7.41905073475346
29,20-08-2010,1122653.1089322288,0,82.75553561337324,3.1297181108314716,175.05645999277203,8.14636607529683
29,27-08-2010,942723.4659653226,0,64.37436532282976,3.4165926296508036,199.88002655372276,6.021976976477432
29,03-09-2010,700553.5211031653,0,74.5302324467212,2.6566211172752237,209.13940469322992,7.546073171808268
29,10-09-2010,906859.4330681851,0,80.43925553356283,3.605604699612228,196.60469843334013,7.960932178608261
29,17-09-2010,1129380.904651313,0,46.311191958276346,3.5245989689053814,198.07046010400234,5.729993232209113
29,24-09-2010,1217326.708368306,0,85.49367699358973,2.9321820476210854,205.09295323642007,6.383928784663676
29,01-10-2010,1323408.9849043365,0,44.59150401724242,3.2788855370612553,208.43971024405593,5.213188778186318
29,08-10-2010,1578331.7386151787,0,64.93812126833224,2.937401086131138,189.1130658952366,7.561472629826133
29,15-10-2010,1112570.896091426,0,57.24517879224146,4.098052317753958,208.38548926313624,7.706370697250599
29,22-10-2010,983251.1129236197,0,106.11893171935479,2.8003289170756145,207.9643036664211,8.6639862798081
29,29-10-2010,935028.4147002908,0,77.19261573709693,4.073090951524719,212.7370534781119,8.054127008309619
29,05-11-2010,1069210.4620174065,0,53.15390313101702,3.9510456557941342,202.07488797852182,7.445677907081924
29,12-11-2010,1084701.5748044075,0,27.905899804043756,3.632014500697997,189.5219018162177,6.671559262671186
29,19-11-2010,972821.7228949639,1,77.43111932576284,3.663585276438895,188.78865987242077,8.380138938868514
29,26-11-2010,1407442.1279436715,1,62.94153654891948,3.775133431910467,196.38517794422478,7.223525724476389
29,03-12-2010,1111248.4375057765,1,70.60738377997599,3.440220621686802,199.65435760156197,7.905717600497366
29,10-12-2010,1469124.832379288,0,31.998575311965226,4.1358326166482495,198.8158489528387,7.848298179304868
29,17-12-2010,1129650.5312651738,1,31.13598412428412,3.819093499424287,217.44311114743113,7.663597868560763
29,24-12-2010,1040959.5754563834,0,68.18281845551988,2.796475734500527,182.93936919401898,7.37146068831751
29,31-12-2010,823847.9617770558,0,72.886210002164,3.573237805826659,205.23323782728588,6.199409657651895
29,07-01-2011,938098.0228145542,0,63.84008473937354,3.559007982053953,179.0042835741969,5.27669687968073
29,14-01-2011,1047987.0555449852,1,50.97562346112247,3.4345997031365223,202.92828843586685,5.119564455936919
29,21-01-2011,686122.0809250632,0,47.26235222122085,2.9651104784454247,184.59588936049653,8.472137828165119
29,28-01-2011,1159097.5389909777,0,62.62238649350294,3.942421291400579,220.51246943269464,6.306195582098177
30,05-02-2010,980137.1324415936,0,54.551461981382566,4.070779366138361,189.42296493097746,7.546569162862256
30,12-02-2010,1154166.7922247127,1,72.3816633877602,3.3122455096802503,193.4390276399436,8.26925567189862
30,19-02-2010,900536.5707284661,0,65.88164077586428,2.5802174760889485,202.86333329867009,8.251250596524686
30,26-02-2010,1275266.831735439,0,58.71324705241667,3.272414108023118,210.15627883994472,7.187459382088911
30,05-03-2010,1010491.4773778887,0,75.596572815101,4.30028125368498,196.05217590804574,6.469199521205115
30,12-03-2010,756945.4847546213,0,53.13329648295102,4.071103696442779,211.57244547731025,6.828504399611761
30,19-03-2010,853065.781264628,0,79.11871644661525,3.827934089573124,218.56393698324885,6.505009801091934
30,26-03-2010,824072.2134554128,0,73.58587639964699,3.1449316965813088,178.85306400926265,6.576098927667404
30,02-04-2010,1012646.4293026202,0,54.48320080207087,4.095965618107536,196.97247130038232,7.350575457612544
30,09-04-2010,969906.0205034983,0,85.12394878827365,4.093856692069227,191.84090464851448,5.846293676369636
30,16-04-2010,1099326.922995979,0,72.70200023195851,3.1423687403424103,200.55411255985766,6.928585021627346
30,23-04-2010,706618.8109296162,0,69.74436389260855,3.883653681301243,201.4425352228204,7.330783806538236
30,30-04-2010,1016973.0916722208,0,73.71238748436966,3.519404500227401,201.3023908384954,8.76361920775079
30,07-05-2010,1172617.5572010493,1,65.30327845493174,3.175500739763421,208.8360678599417,5.6338016623310825
30,14-05-2010,783717.3238521426,0,66.71694529440138,3.029092489276335,203.08127464336133,7.732867582455699
30,21-05-2010,897334.1626644991,0,74.13010927094506,3.4904389100731463,194.54038072885072,5.65035032977986
30,28-05-2010,1284036.9877563897,1,71.84227800569838,3.5229039842657985,200.68796878339688,5.9882188242771655
30,04-06-2010,934386.9591611011,0,53.1248696097978,3.560730532099773,195.00548807114785,7.669085210267524
30,11-06-2010,1373813.3007356522,0,44.914037347857146,3.140427755006387,199.0279632974022,8.415912362019824
30,18-06-2010,894620.7989325782,1,27.935663067718075,2.592558085259297,202.95933240346096,7.135428834719957
30,25-06-2010,914836.4003266897,0,26.85712829735391,3.057035647267531,202.49556430307558,5.8424319422314035
30,02-07-2010,1094402.2862925762,0,81.15921427677586,3.5409221672647693,182.31843088246768,6.699325639556317
30,09-07-2010,1092660.3020468461,0,53.33904758048955,2.8533485903951163,196.93522507889568,6.855411283013946
30,16-07-2010,1308394.4695677268,0,79.62299431140707,3.3065352767000262,217.3798498512352,7.428967948548517
30,23-07-2010,1067751.6324560733,0,57.43203468164782,3.913444609908354,197.42689133815324,6.05137548981357
30,30-07-2010,811575.5809294381,0,37.53609898249245,4.522827273838577,205.3034290167058,7.304492201680144
30,06-08-2010,788497.0659413137,1,72.46684601349656,3.1581571424854573,195.40102157344754,7.131970001945575
30,13-08-2010,829255.8361568785,0,51.523329235870335,3.117194421484906,207.3410633580725,5.462292191469998
30,20-08-2010,1112955.2528628302,0,73.68972267105993,3.131122376583559,180.49587798342594,7.696808991160353
30,27-08-2010,1329246.1903619813,0,93.6662915185506,3.6963841815255623,189.1225132464633,6.876107636764799
30,03-09-2010,776295.3031576736,0,72.85710987925896,3.610885391220693,186.1710408072746,7.437424485722935
30,10-09-2010,849890.5621993903,0,60.44701109932731,3.0066704861379447,206.26877063529022,6.951234348156885
30,17-09-2010,802294.1984268199,0,104.81853112411585,3.565796480280933,205.71705893036315,5.5371160622605675
30,24-09-2010,1086291.9915454432,0,57.0930115537223,3.673698743217381,190.1199718199706,6.852807249231988
30,01-10-2010,960187.489248026,0,63.69654067243308,3.1246595064741722,205.14377136613857,5.186701927633699
30,08-10-2010,1127410.3679217517,0,54.35518816153542,4.025387145236056,188.37061013147087,6.6425849518293
30,15-10-2010,1190601.89964281,0,54.00245051006775,3.363489391292036,196.99555062268834,6.700347224335188
30,22-10-2010,1202680.3861930082,0,73.34130945456708,2.7274717962967823,196.36687991611456,7.296572676694308
30,29-10-2010,1106739.0496012387,0,89.85905245507655,4.2612194548782725,195.80915148012923,5.664430980298555
30,05-11-2010,866188.1032068564,0,66.14078474503644,3.4743820822339044,206.25584593675,6.77672841156669
30,12-11-2010,938550.7548676537,1,87.38189165525702,4.317275846038482,196.66298755310953,5.461110742921411
30,19-11-2010,962649.7866998634,0,90.49034362231806,3.2775268045523736,216.01074306164392,7.891840579594813
30,26-11-2010,969070.0586878333,0,23.734130559656833,3.4351138878007705,199.75289134931074,7.473082671995058
30,03-12-2010,795163.471910453,0,46.30025641712505,3.9005908819940913,207.6540215601335,8.073412702410446
30,10-12-2010,1099737.9824271088,0,21.150046180764605,4.00949791584397,198.73198030895142,8.17007706302963
30,17-12-2010,945688.3392412331,0,66.83507841427078,2.8508370301655486,174.79152993427266,7.14880876167959
30,24-12-2010,957214.7067297669,0,40.461085212362356,3.4085987837968164,191.2770017793949,7.468237609696888
30,31-12-2010,957171.2255821072,0,63.7726216313596,4.304033623586364,189.64395943954605,7.881058892057434
30,07-01-2011,1009459.7486257455,0,73.89338248237169,3.1096728000720133,197.36479079840868,5.613231789162314
30,14-01-2011,977693.2767612985,0,59.41296595768611,3.6976536263246653,200.33023307193034,8.346941244388995
30,21-01-2011,1154804.5548142104,0,59.85038406518507,3.1546957292583384,209.68745108791245,5.495753328955179
30,28-01-2011,1049042.4346936708,0,85.56561894918973,3.469575239998536,198.06659050320377,7.896797332033235
31,05-02-2010,1084464.959489975,0,37.427309712415855,3.585056000827148,199.64821911229566,6.829224167797922
31,12-02-2010,821269.2979408785,0,56.329193559670685,3.442524534254079,185.17768576322692,8.151665583047475
31,19-02-2010,979579.3882217122,0,60.75106153321126,2.984262728044628,206.68353967843458,8.751135597414443
31,26-02-2010,884519.5615541122,0,89.83347717603615,3.862414686742916,209.2297756514043,6.479369393437701
31,05-03-2010,680476.0541663087,0,89.80275044199682,2.902022829972206,202.7447580157781,5.302910019059439
31,12-03-2010,789138.9914791842,0,57.852427631799095,4.302838979041227,198.58337368127758,7.302322900348275
31,19-03-2010,1275119.3928608417,0,51.918093763352005,3.1742362601171226,200.6859835422886,5.480211196648008
31,26-03-2010,865564.9617499906,1,73.94476092780626,3.326237528740571,188.43444782932664,8.28123865352298
31,02-04-2010,1243289.477455416,0,63.11023207527121,3.2715325804326283,190.32718889705376,6.6909717241829565
31,09-04-2010,977761.7129025309,0,53.17814135716784,4.010981577530002,207.33179317422557,8.378142680497612
31,16-04-2010,801875.3553245484,0,53.13616862626576,3.7189114392551437,208.35259567199432,7.119190813007592
31,23-04-2010,854192.7143946923,0,96.96218208211104,3.7700089008615705,210.6216744758866,6.676485053215543
31,30-04-2010,1002857.4423767978,0,78.21888807678951,3.9171313789447684,205.2184837202588,7.186574438560889
31,07-05-2010,954451.2538513665,0,16.160426874402383,2.788882749246563,206.81634223668388,7.014108356253125
31,14-05-2010,1121102.7302248331,0,61.28815044863884,3.9166393085517166,205.98155247464706,7.958391951617114
31,21-05-2010,1321122.2766483754,0,64.88196887004773,3.6369555434235896,184.76827535826152,6.468588598861575
31,28-05-2010,961383.5851986775,0,81.0063910455271,3.0271141769633614,199.89257453349205,6.175866516328278
31,04-06-2010,1187241.1475074508,0,55.04091585344221,3.260015926925637,194.8401901065092,7.4168730625900405
31,11-06-2010,1131726.390558102,0,64.64389009284655,3.478924734159266,200.33526287478318,7.4439858215605295
31,18-06-2010,943898.2830751061,0,87.95688614062996,4.095586522470048,194.5852699349283,6.897993719872738
31,25-06-2010,1134203.560983554,0,81.35995556117945,3.3550414570680687,207.0737857514197,7.702010611529408
31,02-07-2010,922537.6923553295,0,38.0264125313123,3.522284805444636,206.31224356971782,5.848773342492856
31,09-07-2010,1220999.4403608828,1,52.4493770288035,3.2596117192476983,211.99980217947945,6.398645182929025
31,16-07-2010,1233716.923039083,0,58.0970375384536,3.3057600466142594,197.83998578426886,7.333965149676191
31,23-07-2010,965764.1260407201,1,58.67775212095986,3.580115182306703,188.84877567491296,6.74786658899892
31,30-07-2010,973795.9796119434,0,58.21593404616664,4.305146490241436,190.60434832746043,5.191704671500485
31,06-08-2010,1123613.6987860084,0,66.93054036626,4.22874214891585,184.76141362552596,6.655150247593459
31,13-08-2010,1465923.4966907427,0,93.28384109567799,3.2619687211110664,195.09387765973347,6.7172406723706315
31,20-08-2010,775820.6052463681,0,25.904485115439115,3.2511281872885824,211.12772517815054,6.2579159050772235
31,27-08-2010,1028014.9695919654,0,64.94542904217512,3.9432897463788246,185.4877370109884,6.075731597404928
31,03-09-2010,1242635.837678318,0,70.6578344045408,3.984060038620309,181.1434205173901,7.5090461386740674
31,10-09-2010,1180253.9539123229,0,41.99679544252675,3.2932756482641024,202.8638674395539,6.811405170852511
31,17-09-2010,1187791.4356469703,0,29.404518397813277,3.221989988920932,195.3345155379501,7.015396536877895
31,24-09-2010,679604.997526064,0,58.944897839984684,3.8267394909758705,200.68906133120973,6.8673959217595035
31,01-10-2010,1235400.1273580673,0,33.75065393102901,4.2342511359427,203.81724744846827,6.862549443044022
31,08-10-2010,1049256.3625944997,0,75.63885070903837,3.467294883202303,199.86496755407023,5.893267012270549
31,15-10-2010,940061.3008134222,0,44.73069393381777,3.739589579705747,201.45024172472495,8.058474772118963
31,22-10-2010,1058833.5076003205,0,43.86960335086877,4.3386002549830485,195.64861252037966,5.685121335595588
31,29-10-2010,1043814.3125075337,0,50.492155155709156,3.134562536743245,196.3623097862685,6.979807897026234
31,05-11-2010,1224635.3893203365,0,21.48865279334246,4.246854879502767,206.11070905110572,6.233533568980212
31,12-11-2010,813376.1822627716,0,73.46945592316462,2.1729188271450717,187.01835466467264,7.866774665184613
31,19-11-2010,1292940.8967482492,0,39.979809110343716,4.016594932181574,193.48557450136317,5.133299413196058
31,26-11-2010,915080.3667955715,0,67.95275003552558,3.5435531096529855,189.92215728082317,7.431088073637102
31,03-12-2010,1130371.5539031203,0,63.953511339084905,2.2391975992689783,204.28352913771448,7.391828707716102
31,10-12-2010,1004024.225916172,0,77.83401162139151,3.581106458623112,190.35503180010397,6.57645666660922
31,17-12-2010,688239.4461164165,0,44.803957360244496,3.144992278554224,201.29998225801594,5.936963727146281
31,24-12-2010,1084249.475738196,0,76.9367989093833,4.362519294899008,204.94704668050224,7.891290211788828
31,31-12-2010,1244156.5834737865,0,64.40378628410265,4.016194699063198,219.23513487603455,6.04695953663515
31,07-01-2011,1215625.0791589543,0,58.275658039850946,2.9478208104801924,199.30252732619266,5.816458629189076
31,14-01-2011,923075.1647871638,0,51.02183225373987,3.2969448214882986,200.967549184388,5.385250137708669
31,21-01-2011,710896.3704509353,0,67.23828541461053,3.752375344285665,197.72278996921915,6.216550259099606
31,28-01-2011,1385818.2802437139,0,48.510265891674486,3.9358512927994065,205.09513563929687,6.812669690178699
32,05-02-2010,1278291.5933911884,0,55.75511380320139,3.5327516340596716,208.27713173582754,7.193304398105993
32,12-02-2010,825662.0768862382,0,60.62126852797863,3.4191163594171656,203.3086702840635,7.749766628489185
32,19-02-2010,1121847.7661779507,0,53.36270276356042,3.6903779228739664,215.4567372558666,7.087277468952216
32,26-02-2010,792534.2572460561,0,73.20686109125363,3.8737730628932296,196.04953147830432,7.309046835024035
32,05-03-2010,1284790.7691082335,1,88.27539296582518,2.6739279340555915,189.9789607536957,8.122132322230476
32,12-03-2010,1085760.1435548519,1,53.53848514645951,4.167785227768379,209.75200541684765,7.369263777649905
32,19-03-2010,698833.518933876,0,59.00179533917676,3.3533300676806315,195.5465220500345,7.531797398480623
32,26-03-2010,643957.9660368145,0,52.00458977113885,3.5785728918512674,199.9776188352582,5.932566067039501
32,02-04-2010,748187.0177103614,0,39.893697480055295,3.656288287667782,206.44841289554225,8.686651353667898
32,09-04-2010,861971.8324902211,0,57.606821950537,4.2571403678602415,197.81994368878875,6.968738585845754
32,16-04-2010,1033994.9079498539,0,74.03646081086688,3.6689129579659943,203.57927699984882,6.694407732485584
32,23-04-2010,959048.6881839691,1,74.30473167782465,3.3033244375885635,184.12811930321547,6.7926839039917555
32,30-04-2010,1124705.1597651718,0,96.10833692839562,3.3160353909275204,188.9121842058949,7.5319253213688535
32,07-05-2010,885542.5254811395,0,59.30116999082735,3.0463367203138674,205.5869528292182,6.595361479959053
32,14-05-2010,755122.5453284092,0,42.14453385447699,3.9414931027308953,205.16557044799836,7.457514901845036
32,21-05-2010,1177582.1772503504,1,77.37596676611099,3.5115521730003656,190.22061164447362,6.387577109099132
32,28-05-2010,604196.2613020575,0,100.53634232084785,3.365938645491076,195.57332539356764,6.630636381071757
32,04-06-2010,1045927.063014765,0,90.85094422748234,2.7900614178645355,201.14476058818778,6.891472157435152
32,11-06-2010,1165367.726141823,0,57.9198154455061,3.1535926959749543,195.64857790597782,7.009524157933607
32,18-06-2010,970604.6035905725,0,88.68354073040653,2.630287377883861,191.99777264600095,6.447307046216503
32,25-06-2010,923673.7809173578,1,74.80251328210488,4.053085875896166,186.87740406674632,6.873273658437246
32,02-07-2010,958690.6531102111,0,75.6271623961303,3.5261863843637844,210.45460240482254,6.798580099923027
32,09-07-2010,1076248.9310324197,1,59.1878753664294,3.8764241656001355,196.66685005491996,6.594698939196657
32,16-07-2010,1097392.1278859356,0,88.67267217635757,2.5701684797251008,193.15187890261103,6.9057309292351
32,23-07-2010,1082471.1938171897,0,91.52345055482758,3.512343881942829,180.36827090118675,8.197094526258956
32,30-07-2010,849722.2994634251,0,62.412695217869086,4.02201256472119,205.8383708153906,6.564751802994832
32,06-08-2010,718207.8506415922,0,65.50004596583622,4.001134636309256,195.85935567199678,8.720265308854936
32,13-08-2010,929044.0225299286,0,64.18697714669378,3.477477940994538,195.67340486603408,7.39245601847052
32,20-08-2010,814767.3473033584,0,35.81129342081883,3.9022898178688212,208.2866012151773,8.377547522946575
32,27-08-2010,1008752.305687987,0,63.511481698516434,2.987624624961805,218.4804019177085,7.9907108466240855
32,03-09-2010,975795.7937980872,0,74.54342519067899,3.2976624409029056,180.22886820545546,5.890731413532833
32,10-09-2010,946309.4877606472,1,79.58519488573926,3.3751722308905405,202.07542294888742,5.653214337884565
32,17-09-2010,1369573.3991404206,0,83.81059287435353,3.934563768609097,185.60406392169784,8.997826125027132
32,24-09-2010,1235806.1505183894,0,41.55297341876164,3.090306584750605,188.1105888194665,7.4417606496494795
32,01-10-2010,1035120.709960874,0,56.960977530560285,2.99643431409796,217.23672901691955,6.356685672840179
32,08-10-2010,1192934.847937284,0,44.03587847283692,4.009268713825198,187.1049993027602,6.698420192208895
32,15-10-2010,1065728.8051609618,0,48.523601721797625,3.47423528090678,191.90927338057548,7.585071344384081
32,22-10-2010,1122324.000222542,0,47.449199945118544,2.473256725672056,203.60755754663836,7.07228834712487
32,29-10-2010,1111165.2055150254,0,55.46945055234324,4.640130115149463,192.66222717192622,6.060415511405251
32,05-11-2010,810716.1705430497,0,53.65794334852069,3.0982828629143713,205.71224210236238,8.390643595949957
32,12-11-2010,1094002.7322493324,0,62.0676399242419,3.44736469221035,186.95693076473586,6.800395327636321
32,19-11-2010,1012566.7145838682,0,52.48032841296268,3.2194554345095012,195.1058576550558,4.2547004463276155
32,26-11-2010,1081007.0771711427,0,43.088956472907725,3.408084709839939,192.83125729287525,6.627490501466196
32,03-12-2010,790716.9527612576,0,29.34803530804476,3.6346530947811693,211.4948736401037,5.425658282268037
32,10-12-2010,1081537.9473674353,0,71.61999079923385,2.816756839682317,186.05583434741095,6.838285683819395
32,17-12-2010,1012680.7021720984,0,40.54344214834086,3.4812182453169043,205.6975891970418,6.675823138959359
32,24-12-2010,560499.798947594,0,85.3742778915314,3.999642320117254,210.54806433094623,7.217628100122851
32,31-12-2010,1483678.2440509,0,31.467015783793055,3.7495552533994707,201.2792720237458,7.63572652644055
32,07-01-2011,900150.477101069,0,22.535197763616964,3.2489021041380854,191.79709406094307,5.8319880761562946
32,14-01-2011,1227268.5591823698,0,67.24899763189053,3.2450530235671837,201.82170627712102,7.891877634570275
32,21-01-2011,754597.1845422928,0,46.401882065063376,3.6295144107418573,200.0474335952759,6.549845080157271
32,28-01-2011,419414.5356196909,0,54.03694947600199,3.1539674006676544,199.3179746966733,5.593280567440442
33,05-02-2010,984752.1965358804,0,89.93760547701712,3.549697044780715,191.74645343038094,7.734748595741008
33,12-02-2010,707554.2054957906,1,55.663458995557136,3.3536210406137728,205.01900233700673,6.971183398411377
33,19-02-2010,1062994.3743110665,0,64.29965634909095,3.419160036392752,197.79946492628306,7.027770078535315
33,26-02-2010,1015553.493794506,0,63.85723686300381,4.25921101532609,204.20268529056563,8.304962688790418
33,05-03-2010,1121388.5216773276,0,23.16161842136914,4.225852940388412,195.0970158973942,7.187184027488584
33,12-03-2010,945874.6506919485,0,57.72823772757899,3.3087080786387832,190.75074184280726,7.268775789148641
33,19-03-2010,1037421.4200250184,0,67.76849227355012,4.226834087036976,193.40504291682382,8.650748344305217
33,26-03-2010,1195176.4166615503,0,65.67822117472761,3.496468547724585,196.02451303454222,5.615481980575003
33,02-04-2010,1197545.70318492,0,44.487872771247936,3.266775404046565,197.68725734637422,6.967518650058115
33,09-04-2010,956252.3974098361,0,59.63731512983836,3.646642214502426,204.84734647968924,6.6982015066037475
33,16-04-2010,1506073.9337283378,0,55.442148824683315,3.781419998160802,198.51652821192178,5.245202114628755
33,23-04-2010,1202013.8041187224,0,55.080093232885986,3.723351805404572,205.87057534594535,7.006548657804539
33,30-04-2010,1108484.7939064205,0,43.82072214148399,2.943127239789063,213.4501865627158,8.131457796345355
33,07-05-2010,771360.9353299922,0,34.305444671650655,3.3344878328959595,204.54704396416776,6.933834065453565
33,14-05-2010,1051777.5031425413,0,38.68394577302483,3.819562881739247,206.53478656218732,7.454502572085628
33,21-05-2010,754301.8647238185,1,44.98746356046489,3.350225294400404,200.02183590837035,5.624914766832915
33,28-05-2010,907493.4067373242,0,67.75359758065693,2.922552981917064,187.16928010269612,6.579731725889145
33,04-06-2010,1412410.230601372,0,68.37029118314109,3.2516744739358767,209.2304482722676,7.406094018848667
33,11-06-2010,837169.3486804793,0,36.69596000069423,3.797205176978626,194.49009609156215,6.475182803707135
33,18-06-2010,1080973.138592722,0,46.35850403952434,4.0761743194809625,195.1537143539992,7.143417630681476
33,25-06-2010,784869.9032850225,0,66.7316609091807,2.8294692905180976,191.12590637198858,5.356798920143413
33,02-07-2010,738619.7542102564,0,63.9643465544164,3.662629749114791,201.4854790359264,6.698266946041365
33,09-07-2010,1186613.3211441971,0,61.27083809121875,3.5140677561006273,227.626845327315,3.982353107252613
33,16-07-2010,856467.5448055756,0,53.958059179507885,4.293700301207768,203.99996552943605,7.165859026798673
33,23-07-2010,1167398.2309267349,0,67.36995173678078,4.10121545288978,183.20094253495105,7.1249671907916845
33,30-07-2010,758170.3734241441,0,63.85979283545859,4.338227480957332,184.3502610655822,6.399112824146187
33,06-08-2010,1164536.4853148288,0,66.70634512794615,4.2135044513495306,203.71401085932234,7.169428083908949
33,13-08-2010,990545.9241541139,0,57.69623342447042,2.9084572423751176,209.33810426074996,7.503232384532496
33,20-08-2010,1461127.367473438,0,39.6883724069891,2.705560040097475,203.9918871688146,6.977590551601798
33,27-08-2010,1122480.0321596027,0,48.735805319147595,3.149021350852439,203.85212652259355,8.120685706422595
33,03-09-2010,973344.2569541689,0,64.1097285512004,3.5017524158343094,197.798178859586,7.7302497537329495
33,10-09-2010,925744.1340951832,0,43.86980741948835,3.2703898010053796,198.23865802289222,5.4658753065511485
33,17-09-2010,662393.1349604644,0,47.98504138722865,3.1389303916855686,209.8305014867895,6.224852355548918
33,24-09-2010,859874.7259522848,0,103.31042904413113,4.0273103142436595,210.24774112281727,8.168580364273382
33,01-10-2010,800235.8261331901,0,35.55270770025522,2.9174166921205877,193.89586854101867,5.5847948802550915
33,08-10-2010,843942.2931154454,0,65.36826547389124,3.6254755103560217,191.71819436126492,7.685656392513711
33,15-10-2010,872161.2932499684,0,56.87447326589914,3.7958588633909933,205.69374156823713,6.383151409008285
33,22-10-2010,779768.9717751154,0,71.11484356085785,4.527046220717987,206.05404504762745,7.472639762990012
33,29-10-2010,1106160.3167345459,0,38.536194518659016,3.2982510335278845,208.22042003928942,8.458432703426778
33,05-11-2010,1016275.20640364,0,66.37616679256512,3.4895394813084617,218.96123276254346,5.639165021698921
33,12-11-2010,778108.888910756,0,94.25422822552545,3.4106998352832227,200.33594633326848,6.486815619076136
33,19-11-2010,896406.9231011032,0,57.19448828899144,3.3322420839834668,202.55977146418772,5.880749757779356
33,26-11-2010,1250389.4909026315,0,78.31647563195209,3.8136960370418422,198.96080488521162,6.292027052993598
33,03-12-2010,835697.1775029525,0,92.25736741414256,3.9733091541652183,209.34654707336622,7.369925613004391
33,10-12-2010,776534.5982137531,0,59.170177908452416,4.0501375900726195,215.79866955605507,8.963157986992217
33,17-12-2010,1066531.0142954215,0,64.36677500884322,3.983965974382495,192.82146785645963,7.795863812341226
33,24-12-2010,1130877.6268121526,0,65.79822348075326,3.861986372034684,208.9890320986911,7.120654647190887
33,31-12-2010,869595.5993729441,0,25.62139174092306,4.023477267214105,200.46637366565966,6.479107096096237
33,07-01-2011,833125.2775409757,0,55.30841940761625,3.5820079783203056,202.6531887044822,6.484503688971719
33,14-01-2011,1117250.0751060506,0,73.13797412639295,3.1388262976924852,200.59909774079503,7.123754642524277
33,21-01-2011,1062412.4263453477,0,77.16540860363743,3.1207511732134265,198.6740644537866,8.746787386601952
33,28-01-2011,588043.6861579822,0,56.14037264478621,2.6089424590075856,176.5696089834816,6.385961838450589
34,05-02-2010,960385.2739701279,0,86.01250802111917,3.34075910056476,205.40630726178586,7.471528484175239
34,12-02-2010,949020.076902231,0,67.83762524491169,2.9827010201966724,206.50667628792087,7.425910967101411
34,19-02-2010,785866.7187619644,0,44.313580593994885,3.5737047411636222,208.13786178734284,6.928660001499597
34,26-02-2010,1343953.3585859032,0,61.267667852754364,3.135804843379145,190.87411801822373,7.701389893809499
34,05-03-2010,1169054.6594084192,0,72.07562939105918,3.210363691355779,214.87379807016453,8.112564102074833
34,12-03-2010,1150324.7922092716,1,39.74628873263015,2.6200205589253747,195.54204686173182,6.496277663170546
34,19-03-2010,1105187.45605093,0,64.87781883240902,3.215913886038852,191.53545508731352,5.1992255412118205
34,26-03-2010,922673.1604571383,0,88.67250039641893,3.5957253579786763,206.621687539475,5.501364502850788
34,02-04-2010,1238842.8966027983,0,86.02204126048186,4.000701455115033,195.4264293103571,6.224673617888087
34,09-04-2010,1224207.8527689846,0,48.05237877909714,3.5552090234730596,211.97178531461913,6.2289578428587955
34,16-04-2010,1200164.0995536828,0,44.36655855306225,3.9123351966597566,190.83966255292404,6.396312728203003
34,23-04-2010,1291731.5045875325,0,76.45977184006642,3.5207709202819473,189.26307153802537,7.4583179391254415
34,30-04-2010,857038.5482017059,0,95.89049696784424,3.555448215081706,217.36552852766084,7.591657083935445
34,07-05-2010,1167243.913810271,0,64.90997363588626,3.372406414242858,182.95378041822883,6.916866474278506
34,14-05-2010,1164684.6369124623,0,78.9126685513526,3.4283772771774923,201.69288023656011,6.795500341230164
34,21-05-2010,1282612.1687008084,0,53.91310257892097,3.343535516404993,206.18556356977925,8.98567641101484
34,28-05-2010,1024705.8403682186,0,55.66536421687077,3.545869937993641,193.27867341502673,7.275663197634258
34,04-06-2010,1113227.661742474,1,69.15083868009563,3.7168738046742678,182.28103317753556,7.6368701583954035
34,11-06-2010,865797.0308675093,0,38.08321673992084,3.23030713645925,192.6845970527364,5.435795098653031
34,18-06-2010,962570.2390718173,0,62.79642717036422,3.6192494628365273,208.85577081695044,8.781684786466851
34,25-06-2010,727064.7348198916,0,58.95052287873901,3.3272922879680835,197.8746897415631,6.292379463131223
34,02-07-2010,1109077.8961849348,0,79.75723164813019,3.7296020907997645,209.17768197795138,6.6896038635244865
34,09-07-2010,868632.9062611139,0,38.43369866741544,2.8837197187546595,218.54433433361828,8.375459677668053
34,16-07-2010,1119091.7986557374,0,71.98179518527618,3.5878368562458895,190.31516353038106,5.618230811432296
34,23-07-2010,1154010.0217835172,0,90.12294481549893,3.2065751332256314,177.40098632541523,5.757066653089431
34,30-07-2010,937715.130129291,1,57.7268631500192,4.299561620418367,206.7313369223297,7.305085404706753
34,06-08-2010,919976.0677397738,0,48.336685654880874,3.484432230842362,203.34198943171765,5.62474051901881
34,13-08-2010,813201.6080726087,0,71.25821320570171,3.4462775591028754,199.23134592996337,8.313473161325236
34,20-08-2010,860707.7820426624,0,97.28399051774699,3.574181429340993,196.65910792904768,6.4675410159316025
34,27-08-2010,1131613.5151113707,0,110.06343581811421,3.2580078301997233,206.99212438671987,5.392358689476803
34,03-09-2010,944077.4560190646,0,57.45601232035114,3.562386743955578,198.297154681742,6.918525826801727
34,10-09-2010,1102951.6040360166,0,63.32281226156661,2.9251292723160534,203.24345711194923,5.963670803161837
34,17-09-2010,828903.4608148837,0,54.52744779213464,3.284088725287529,188.872954049935,5.30584533817542
34,24-09-2010,859856.667891848,0,56.42638224784033,3.8764455407468925,193.85055897483957,6.174834100254462
34,01-10-2010,1045247.6177334843,0,82.35867645454304,3.416520584673525,188.36421100000985,7.171263525820193
34,08-10-2010,982879.333537453,0,60.68409369076151,3.0726876791224673,195.4300816617477,5.5917732316925495
34,15-10-2010,1015415.7222762987,0,81.11388497766299,3.801450022624077,194.13587923172088,6.420938398660775
34,22-10-2010,1451571.2600515294,0,65.6626164463905,3.448971804685576,175.23207933122913,7.501090009308772
34,29-10-2010,1303867.2702181288,0,62.33323502339007,3.663344732670853,187.64208588493574,8.242409307896205
34,05-11-2010,1192979.5438212357,0,46.77725775618055,3.3997144096721157,199.22077264321484,7.549574316064444
34,12-11-2010,1301783.7788533806,0,82.36676273586255,3.8265147766477647,192.45617140635696,7.238913240441388
34,19-11-2010,1273976.6519904723,0,34.45830875337762,2.958405776666975,202.33595081261575,9.116803054963853
34,26-11-2010,832761.0298591659,0,54.683432687060154,4.227374767685294,218.80761146202647,7.546889703451685
34,03-12-2010,1119620.355952231,0,69.78261113298575,3.527585318935732,199.9939151767771,8.196627120827243
34,10-12-2010,1303223.2360710087,0,29.848941107331584,4.046313782586554,200.19034176216076,6.639507661329329
34,17-12-2010,719345.7940519105,1,21.733193305543942,3.01747720971191,208.96499670200166,4.259573577965069
34,24-12-2010,1237485.4303364,0,70.42459981289083,3.5707396707419017,213.32031811631234,8.246361215877222
34,31-12-2010,745095.825222974,0,46.746170330239295,3.5433805377313234,194.67163731220077,6.180733535810628
34,07-01-2011,1191077.7142359703,0,36.049353774696755,3.0913994652489927,208.90418585490207,7.284385712863594
34,14-01-2011,612845.5338320748,0,83.23006096963951,3.407561621877367,184.94252199435834,7.839944539742028
34,21-01-2011,1337140.3508069944,1,47.07515351706811,3.3484428392416423,207.56286728602228,6.578969654137505
34,28-01-2011,700490.2077679678,0,33.3510043800359,3.8157093031362033,207.990680731423,7.006131450435227
35,05-02-2010,888373.3480685098,1,79.88757461984093,3.341084728990228,201.5153888082527,6.190286692748274
35,12-02-2010,1116674.446254283,0,73.7178091287584,3.368883215308572,195.64289167615263,6.967125514847566
35,19-02-2010,1008061.5398660495,0,77.8986012313112,3.3698962493205293,191.29469743771992,7.1594910244184335
35,26-02-2010,1072794.2680112198,0,51.46800727427926,3.437640920881757,198.5177711115688,7.505261343174202
35,05-03-2010,926595.4770556716,0,52.19181627156733,4.168696997456841,207.66987931380038,8.001831211261532
35,12-03-2010,1080100.5913725542,0,66.91240689302892,3.4689556508928563,210.42190576983018,7.233285041087872
35,19-03-2010,1024295.7158658116,0,66.28045204972229,3.226888157766947,194.7959700976055,6.148965478290433
35,26-03-2010,786011.4897209766,0,42.40565277230887,3.412866482766537,201.03117582445637,6.72870343685236
35,02-04-2010,528859.3019745285,0,91.49172715524685,3.3639228111803807,212.33342180450796,7.432346964207784
35,09-04-2010,1026903.1343189231,0,97.7525024125201,3.017392961624726,202.38737925291358,5.726162674865796
35,16-04-2010,1002938.8191088734,1,67.72332995996777,3.232736205031276,200.92511308982142,5.407896330362173
35,23-04-2010,1122542.9462393133,0,48.663733643953215,3.905456886307848,193.46257970193034,7.915402970484937
35,30-04-2010,1244542.3585663862,0,26.625722753077397,3.915771332536267,201.21260662349184,6.073075913900392
35,07-05-2010,1335927.4466842525,0,63.64560447075739,2.8429002351884454,201.3863502853045,7.498111995644542
35,14-05-2010,1103232.604585294,0,81.3084944719516,3.4810501688907176,200.74185611522165,6.937759521675998
35,21-05-2010,743142.8363141101,0,64.00067574624656,3.4664949791373894,191.7831917369498,8.623529210891807
35,28-05-2010,894459.7176158789,0,37.4542895258614,3.42236534794812,195.93766241633523,5.571635572749927
35,04-06-2010,962893.8995307072,0,72.34857261854648,3.1632928802200637,208.87803935578847,8.398483993069322
35,11-06-2010,1156235.0672575198,1,55.69223422279847,3.2449567116405107,193.98989879368108,6.108345212659219
35,18-06-2010,1011182.4149973074,0,73.88652762298598,4.786376194622237,204.99821635973808,5.008859851045333
35,25-06-2010,927753.9614171254,0,62.44981850748909,3.027565113852123,201.23957932505897,8.758069360728825
35,02-07-2010,1112136.1320180101,0,39.686735382403484,3.769105802746129,186.30536225343943,8.764825883791737
35,09-07-2010,845146.0155191891,0,55.52666856393112,3.5429081597781975,200.43791647863108,8.513241081176712
35,16-07-2010,1155282.983727686,0,56.56379072394652,3.426684112978199,223.49108558025034,7.949889068249292
35,23-07-2010,815635.2687359573,0,61.99976327531104,3.435205194662977,194.42627671487995,7.261730438193884
35,30-07-2010,735519.1038594348,0,10.1767718369708,4.108361746248973,210.8962952290916,6.640714695693584
35,06-08-2010,1143452.708756643,0,42.81201578365599,2.6541490887025025,193.256541734037,6.099683091881916
35,13-08-2010,986960.2231300351,0,58.73393554437327,3.4607058035428215,211.9836856937346,7.01433642217576
35,20-08-2010,915683.5377119414,0,80.90112290462412,4.34844490979032,219.90029513519175,4.838638907374641
35,27-08-2010,1022779.5143996959,0,60.071652036655664,3.40266815248766,212.72428382816597,7.217405852727003
35,03-09-2010,1170980.7845272804,0,60.18790709151699,3.3948477525039786,202.03510360414916,7.4266306900422
35,10-09-2010,1173111.753134797,0,59.19590530927242,3.249004019909398,211.06461770812072,5.749783974105199
35,17-09-2010,915500.8209135132,0,80.55437497559066,3.4287896324562173,209.23777852643977,6.521101668190184
35,24-09-2010,711015.4991708403,0,53.63397971791332,3.2291896183454063,199.1298477668186,6.416877168675702
35,01-10-2010,1097348.300431612,0,63.94626824580533,4.027446206275873,209.44042148149086,5.823334842614513
35,08-10-2010,1250141.6236538303,0,49.361369834158154,4.816193102338749,195.70099894792114,8.677625442156135
35,15-10-2010,746673.6009786781,0,40.20698067671273,3.2774072939208767,197.42610733715068,6.704997291482864
35,22-10-2010,980502.9548045882,0,43.61316814530853,4.079235998236664,212.23793622513165,7.949296498375316
35,29-10-2010,1104799.7911168656,0,61.854861315591045,3.4113217256800454,201.93465370988238,6.032027609624528
35,05-11-2010,897643.6551749946,0,40.121581416492134,4.076456628102405,219.00649041722087,7.393295138166481
35,12-11-2010,1221291.430458929,0,55.08303365112033,3.585277576973053,193.87010511066455,7.332541590456443
35,19-11-2010,693957.170835498,1,55.15249083789777,3.981105289290549,190.14266966572526,6.2262194211093425
35,26-11-2010,798378.6986479145,0,61.699459252716544,3.0700872646060526,212.99588477665208,7.037294079820662
35,03-12-2010,819238.9243128904,0,84.94607301329356,3.567745686158381,215.41321144801321,8.333998185876926
35,10-12-2010,1155547.009449571,1,61.49371685273771,2.5308044693688925,201.26969080079786,5.65649927017548
35,17-12-2010,965355.713729647,0,40.757175436192306,3.500111973997894,199.0487512244653,5.58792439368437
35,24-12-2010,1033098.3128266281,0,79.32279321722098,3.9142515399100084,181.32436063561244,8.985212818836551
35,31-12-2010,868708.2159395877,0,22.159328550286602,3.4689319667653455,202.28482177718192,6.913837895900506
35,07-01-2011,887383.7845895253,0,41.0687096294437,3.378598856344025,210.57768647302237,7.631942237742184
35,14-01-2011,1086487.077531212,0,27.54050075992872,2.8932683199235383,210.97484971353163,5.8280660707768055
35,21-01-2011,636189.7969394905,0,97.37054376146182,3.3457305143554805,186.5325648148146,7.938428857580185
35,28-01-2011,1000796.6963248167,0,67.08618763037721,3.9517603419017506,196.12508685094565,7.712504442092161
36,05-02-2010,862134.1863839857,0,31.7906516717445,2.7628534722457347,189.64297322186889,5.907721835968816
36,12-02-2010,1078818.6210056439,0,57.94702853098737,4.18180364759985,195.61572632784726,7.6116015615496835
36,19-02-2010,1007512.6702762223,0,56.959621887346046,3.952822951651898,201.52319793204558,7.082874453992331
36,26-02-2010,1057930.70418006,0,50.40950010736432,4.314659258720806,181.51889887611463,6.478233342700928
36,05-03-2010,758303.5591461847,0,68.2416692974292,2.930877026970035,192.81801239494237,7.194132152005643
36,12-03-2010,742281.6583244815,0,50.256656339417106,2.391195459923993,191.57901310278612,5.73272331162727
36,19-03-2010,1165229.1232081032,0,66.43305319183172,3.0966147739987404,199.22517225668113,7.561444460859952
36,26-03-2010,906571.8603364219,0,65.7630008308051,3.6794240363394595,211.88806241193157,6.334954081996888
36,02-04-2010,828851.4840096985,0,36.28156801626288,3.418677855111428,203.38583090886362,4.586551829716524
36,09-04-2010,1091603.1102979712,1,82.69279399642113,3.164041344767505,197.96681714582493,8.122203333293369
36,16-04-2010,1276627.1293556304,1,46.3969526849636,3.1052231572418396,207.3763920005988,6.743574830871419
36,23-04-2010,1177145.270776371,0,51.57739530397832,3.7239653663864734,204.57224811949342,8.352759030614763
36,30-04-2010,1239645.0786402575,0,54.28916749385552,3.25727931544795,188.90524455160255,7.761489738939361
36,07-05-2010,1244085.981917773,0,84.29888213709938,3.5528851917620616,196.68221228227878,5.471408703740714
36,14-05-2010,1062107.927582841,0,37.69565544058162,3.3222541685428992,179.45417975138082,6.314981557064936
36,21-05-2010,1358622.8655214992,0,44.245551334689615,3.613146133621718,219.63552833543815,7.335160566535118
36,28-05-2010,927428.8745252786,0,29.45077287762592,3.238479785191707,192.58091000355196,8.759216603562429
36,04-06-2010,909545.8321612887,0,88.68002007460922,3.056680415397701,206.7275678719942,5.821427215229827
36,11-06-2010,1280863.2563989905,0,64.90471695788473,3.4294047089548316,225.91694721309563,5.38582366503516
36,18-06-2010,1485786.9476153809,1,42.54430092944715,3.039923884271157,185.22835583687618,6.489708840436936
36,25-06-2010,1220538.4092148757,0,63.55659599410868,3.692183858258403,182.4506980688375,5.337475497863908
36,02-07-2010,700602.2022271402,0,27.23508681810933,3.370201639095365,212.1142750363243,6.494552790346473
36,09-07-2010,897863.2123608699,0,77.43448848368273,3.381428045281912,203.28626115376102,7.810726667239015
36,16-07-2010,1350680.925462594,0,70.42431582377449,2.4578341893286,194.41769737602215,7.612825321669321
36,23-07-2010,915703.4005667274,0,85.44397108500195,3.348535867097187,201.91772433644138,6.2625661110160245
36,30-07-2010,1004993.9726763929,0,83.49523600466077,4.558006028415497,185.68811666764248,5.076783713790248
36,06-08-2010,950965.5156297229,1,29.631686023426347,3.4633560604982128,200.72396647818297,9.518714099294463
36,13-08-2010,1356124.991183443,0,56.13689550300842,2.510807541713458,200.26185149185798,7.071287260549462
36,20-08-2010,1127791.362842549,0,45.83023796941818,3.116130990685309,192.38354761064235,7.7779377675803065
36,27-08-2010,971133.9064393812,0,14.174143862318694,2.9457514546016084,184.29674185746984,7.336712295420611
36,03-09-2010,896373.1886666286,0,49.23525739850422,3.306603331071337,199.932638438859,6.645145426925784
36,10-09-2010,794944.9138660599,0,51.75159860300186,2.772553917355345,209.71930343440633,7.143428937037324
36,17-09-2010,834726.9429468263,0,52.15540777311952,3.261105297968211,203.02150237431857,6.692807890619644
36,24-09-2010,990404.013216288,0,22.108376990553943,3.419980663210328,203.25485112324617,8.09958446432767
36,01-10-2010,550300.693100069,0,37.49807345953942,4.127372418668827,212.515288692139,7.457175531157032
36,08-10-2010,1126327.0419641337,0,91.12832071143534,3.9664476775969044,169.81443229432207,8.578945092717975
36,15-10-2010,1158951.704494387,0,100.12817275425874,4.247607248934285,207.69820903157787,7.305446243860374
36,22-10-2010,1441877.4251805837,0,28.555389118437407,3.346269549992429,203.89945599383438,7.074887584371558
36,29-10-2010,750687.6067681147,0,27.37864749610042,3.810355876552589,185.7328769423337,6.702088672001929
36,05-11-2010,1388965.728313621,0,25.15835084588072,3.2723897095586474,197.4123558812762,6.502947513164318
36,12-11-2010,1010938.9730749252,0,68.82839519785901,3.440809962472935,209.81917163268892,7.388200613551956
36,19-11-2010,967488.076504986,0,60.87420793983968,4.111403961066705,194.32192157815894,7.512543628399402
36,26-11-2010,1058017.5799270864,0,60.878010662467766,3.4764782758507593,214.54310101796491,7.428821006012148
36,03-12-2010,783797.5860474879,0,57.99654462426487,3.607462982388353,195.4025860493696,6.660911705473173
36,10-12-2010,1019201.85359941,0,64.04149012322625,1.7728725735795008,199.1861430571588,7.147638100386916
36,17-12-2010,807571.2942281371,0,37.69506927246372,3.360844872061712,196.27935674668674,7.280891126601172
36,24-12-2010,889441.816490964,0,48.09388604612035,3.1651223501050265,210.35396449804745,6.92743351304081
36,31-12-2010,830018.3494479749,0,46.21446753695224,3.1575019249368035,194.50873519010423,6.4055022775732775
36,07-01-2011,744070.4303301515,1,37.515998061060436,3.842562169207653,208.841243210314,6.642033111246602
36,14-01-2011,1069786.7654702228,0,52.37525425454253,3.3964191554529797,212.70088025254898,8.295007149938417
36,21-01-2011,943575.0113724531,1,47.38272978633182,4.081095526326291,209.01296211206025,6.0569905960200945
36,28-01-2011,832431.3407954888,0,66.40116382986488,2.842280867056369,209.9486869378794,6.466155356185082
37,05-02-2010,970072.8111496415,0,33.26044083718891,3.157407060794746,199.7174224670176,6.128754188185489
37,12-02-2010,995832.0894457524,0,45.773601789068636,3.797565592956884,212.98693290993424,7.28191802075105
37,19-02-2010,1137742.5489109538,0,72.1947544667341,3.4299094031945714,206.49402515822462,8.397010554986522
37,26-02-2010,1066105.6345810832,0,33.22552587728853,3.057165907996792,191.49217251371846,6.271209803622616
37,05-03-2010,903656.5898128948,0,64.85205626109882,2.963882023322347,208.32269588574206,7.706770387061896
37,12-03-2010,728870.1393463963,0,61.657296837379924,3.7366683377774836,199.70196218148558,7.524584683047615
37,19-03-2010,932786.6606988519,0,65.37609868878462,3.0330290462909955,189.7551500098456,7.218399645410773
37,26-03-2010,946180.1362647065,0,41.46973490440504,3.233228187088459,184.8558593760188,7.548700476394901
37,02-04-2010,983497.2962177211,0,25.89584784447966,3.4668168391144736,199.22546992733726,8.552829320198843
37,09-04-2010,677332.1196501073,0,43.99413436785247,3.4910360158751006,199.6457985930849,6.472933881760226
37,16-04-2010,795268.0507738572,0,54.28626903815473,3.697882575762562,201.06476304504827,6.860934401530792
37,23-04-2010,1252992.7119543317,0,60.70742834177278,2.9566445943076363,192.2873058332252,6.497090349961981
37,30-04-2010,790861.0058244176,0,55.82164085258256,4.366092288588782,175.66183494655073,7.248258541761683
37,07-05-2010,1008539.4548916888,0,73.73654990905678,3.300836493559186,175.07610348416932,7.659849612104565
37,14-05-2010,776611.8231795272,0,39.044501077218015,3.671374502717713,205.8933728473385,8.065102868732037
37,21-05-2010,1121019.5665259168,0,44.89078397214236,4.616557958566088,193.07042995468785,8.026087440960005
37,28-05-2010,1168758.005176315,0,66.32175644217868,3.513962221339738,192.46030114709592,8.309813335192125
37,04-06-2010,765717.1215812021,1,0.5338765741488487,2.8671817774550945,192.51909017151337,7.291658933189046
37,11-06-2010,1057867.781128597,0,56.59552416057642,4.046656689334159,207.5604777598081,6.502625850349712
37,18-06-2010,1162674.2045258847,1,96.61487649662524,3.7465978442449392,190.3166413674644,7.248305475735984
37,25-06-2010,1150496.6754148437,0,48.237828021513806,3.5290319150122174,212.47712291859818,7.690058339808666
37,02-07-2010,959756.9044215819,0,51.87941691174569,3.768589907270868,209.44214840251814,7.195162047141818
37,09-07-2010,1333050.4467889392,0,56.42586230873009,3.6437398375074106,201.59846049712795,5.732942897934933
37,16-07-2010,958782.9253922793,0,48.106540256756624,3.2887157904893907,186.87511309663688,7.241409116370047
37,23-07-2010,1065050.3351708688,0,83.58526317158459,3.5254192633049195,202.09979280757784,7.555626822794872
37,30-07-2010,803566.6099030138,0,81.68955049714575,3.3940552344008785,195.33381031824354,6.263098647768201
37,06-08-2010,988820.706677281,0,58.42818408062361,4.052740676171057,175.23318443969978,6.542986180147802
37,13-08-2010,1045082.0285259985,0,33.36173779217828,4.153982096274672,205.54638708131807,5.376082157430033
37,20-08-2010,1152628.4601419314,1,78.44962340466219,2.77868216449341,200.99557597599966,8.55143776588929
37,27-08-2010,1052896.080214627,0,47.9340630244369,3.7867794184387127,183.32334733809137,7.990566827442789
37,03-09-2010,824375.6592789094,1,40.30107749765935,3.183003268371743,196.40031578575875,5.739827319345807
37,10-09-2010,1075662.1119281717,0,55.506401967402596,4.037510607255455,199.95737062356125,7.859414254759453
37,17-09-2010,1291080.2675452384,0,48.23962961926066,3.6265927175702957,193.16078474650524,8.471314977759945
37,24-09-2010,986767.6892388834,1,88.8868682395989,2.663797737093824,203.87148316060907,7.000559992339696
37,01-10-2010,1165290.6221717524,0,45.10042465029889,3.65435919709692,196.61031949176663,6.127561901398322
37,08-10-2010,738115.5400797352,0,24.219752189971175,4.003558911706186,212.7103009943114,6.672926569136213
37,15-10-2010,940410.1270373554,0,69.06443804565795,3.1181486704105215,209.70547451152197,7.65855160200401
37,22-10-2010,500103.4943447296,0,46.89344953598411,3.597483852995379,194.47075983763767,5.9418535687055885
37,29-10-2010,764593.6737093858,0,91.2470901874646,2.798053324299923,204.50318826780725,6.971982377666
37,05-11-2010,1241400.6477505097,0,64.41683540580705,3.4785878104622405,170.53095780715987,8.604735012294853
37,12-11-2010,1098200.7891915506,1,66.5964612173702,4.022333117837704,193.8640142826199,7.227538953896241
37,19-11-2010,711068.1656633416,0,71.2314694114221,3.4006654330885486,203.70867792471026,6.008665607765749
37,26-11-2010,806834.6458208072,0,64.73434242052787,2.843027751645015,202.64541376102068,6.3977136453315895
37,03-12-2010,890256.7317303465,0,42.96765519626584,3.9830626627651555,200.32863373980214,6.617221598290442
37,10-12-2010,976702.329473793,0,69.78423649328602,3.743761029347839,217.04110520866803,7.314987535420501
37,17-12-2010,1124818.036636827,0,39.634921971645426,2.9570184146291467,192.98750455595925,7.9761386900669216
37,24-12-2010,684738.2006457509,0,67.89514778215987,2.8864354315449896,204.02639956992004,5.228270034884355
37,31-12-2010,1068482.7161536647,0,49.24112067333719,3.4085492162880366,188.34558473778944,8.470661990652289
37,07-01-2011,734943.7256095118,0,86.92206847724961,3.95972120821252,211.06092522853373,7.3214587858909255
37,14-01-2011,841809.2238923172,0,58.52030436927462,3.2953398927066573,187.76255153343732,4.522493881370983
37,21-01-2011,792291.8285928488,0,82.25596391225812,3.5839311968033805,196.05147896395908,5.080707421143032
37,28-01-2011,1172908.1338926898,0,21.14858857125187,4.679807129550052,222.68991611659453,7.188453596429283
38,05-02-2010,745902.3508836357,0,79.26453067787878,3.705862553620621,189.85784991203172,6.75727113178717
38,12-02-2010,1200007.4891651827,0,73.22305857322694,3.755126111202509,202.62016574358475,7.933422954475864
38,19-02-2010,927656.602436547,0,63.57339550438144,2.529724207648175,197.20207834301016,6.877847753905201
38,26-02-2010,1027457.755897533,0,80.06731785458291,3.7742316367702853,208.25414597823084,5.27378603804211
38,05-03-2010,967909.9913468732,0,54.397779844999874,3.8790724446053386,196.2654694401956,7.790744007239835
38,12-03-2010,609513.3783589684,0,69.67682250052923,3.4788340521698937,209.06834146372927,5.548165254831565
38,19-03-2010,867059.8189697972,0,57.57849135218892,3.891403412496212,209.24011057257172,5.779152185937474
38,26-03-2010,1499640.0235948225,0,73.5098169453094,3.788758477303606,205.06587671697275,8.111953360860408
38,02-04-2010,1220895.5407674932,1,57.45682806250231,3.35740577662817,209.57517777643326,6.525065377778752
38,09-04-2010,869546.6993793371,0,77.2066511883344,2.116337288698801,227.1481693948632,8.501879133796319
38,16-04-2010,947798.2551655372,0,60.18852721127546,3.027711640039546,206.5588399069139,7.075822930980438
38,23-04-2010,646182.4535928287,0,63.268954932349544,3.564424810677957,197.84169244563844,8.137857775969373
38,30-04-2010,929269.4890236898,0,64.5465181364638,3.274054015388579,215.33068825851305,6.9345460215778285
38,07-05-2010,1232575.5387494313,0,64.28926534935103,3.4518076818425514,212.373697935636,6.742275438413705
38,14-05-2010,1256670.9154576412,0,57.92824210705871,3.5007336857210554,180.62209843818505,5.778571501580924
38,21-05-2010,942198.8892912265,0,48.935179963204014,3.213148427853674,199.5201420514942,5.632673538715045
38,28-05-2010,1063254.7560519427,0,87.32429570411576,4.207873303830056,210.20979605147625,6.408484130329432
38,04-06-2010,1392325.8946596358,0,45.63032029677767,3.8917328241623674,207.082662196574,7.775675299615689
38,11-06-2010,1377856.4908500505,0,60.22739817596988,3.169765240020852,202.3788077019965,6.89867097718191
38,18-06-2010,733167.8488501549,0,53.8356814367834,3.326625054495879,193.55104141355662,6.270562951152351
38,25-06-2010,895259.143422095,0,32.68408143898111,4.236451622832589,196.6926877920172,6.346245507422124
38,02-07-2010,1076764.7127662539,0,83.54417574833829,4.417067282181195,182.28577448556155,5.77011688471346
38,09-07-2010,839255.2678210629,0,50.605404070208046,3.1058924163490422,189.4206333799109,7.0859266093324065
38,16-07-2010,1101083.9118148983,1,45.54330409643501,2.412225611506215,190.07131294621303,6.4507613466874245
38,23-07-2010,950584.112638456,0,37.40665081378926,3.0444385540649472,196.6562289329868,5.280372481334465
38,30-07-2010,934488.1153262041,0,56.92998608860432,3.0667761150238007,209.0678426667543,7.405850266692899
38,06-08-2010,986029.6263632714,1,44.05029005312423,3.707181042089394,203.09083617454456,8.001243008093258
38,13-08-2010,1158759.8919019732,0,69.19274636149632,3.9568036087840173,201.33565415535978,7.675664453256976
38,20-08-2010,840643.7534661649,0,50.83203273574412,3.695595079413126,204.18569326229448,5.692200093246924
38,27-08-2010,1283225.2564163012,0,64.59145282148506,3.1378181840982697,233.77768241289363,7.515719619170136
38,03-09-2010,984333.8302139685,0,49.69061453832282,3.5749153642913325,214.6543015432772,8.22665983431053
38,10-09-2010,1090297.6964949893,0,87.69009925302069,3.6260169899674386,186.58740272763262,7.5385031566390435
38,17-09-2010,1310856.4883222051,0,87.39562203924757,3.6715059801067302,200.88357991156073,8.993702068148755
38,24-09-2010,1088903.5087465905,0,86.59068487941049,3.2052882942565546,191.38556570535712,7.097488939023697
38,01-10-2010,954667.5592552001,0,72.98295442140841,4.48472269066599,192.65466181651968,5.7217019861513325
38,08-10-2010,769926.6605273267,0,64.75750312697735,3.372696006993058,188.9039063209697,5.318623108284736
38,15-10-2010,998327.8425457086,0,79.51673783247635,3.4482418224685674,187.22582051867616,6.9194596753750295
38,22-10-2010,1059480.1382782198,0,55.936629420306424,3.4196733568169626,208.50982678506765,7.757304223774748
38,29-10-2010,1121026.6031517899,0,54.39434573845639,3.65276198311331,197.76112744643788,6.694611380795908
38,05-11-2010,1202088.3765653074,0,43.31323626834674,3.154472811303052,201.18350201123437,6.196639567234306
38,12-11-2010,992373.0862350719,0,55.78930119294016,3.255231664004717,198.9915518162154,6.546315730339098
38,19-11-2010,1104790.3747876,0,67.60134881147664,3.785551314295684,192.2938204987466,8.520640096017045
38,26-11-2010,937079.7105115902,0,90.60371247593122,4.309189238445656,196.82296268933192,6.484560708564042
38,03-12-2010,1005320.6242507127,0,53.95300867336499,3.9208161278825377,201.84217229530094,7.609951387331977
38,10-12-2010,953626.298674842,0,53.1596530839045,3.4900561030739308,187.1062564211015,7.597429535528888
38,17-12-2010,992501.845655036,0,54.626442449500864,3.6738367711224997,178.20211338609755,6.94316314779305
38,24-12-2010,664099.4414173192,0,35.83392968681335,4.163539875696702,173.19388865926166,8.548074398544108
38,31-12-2010,986395.4218590243,0,32.29278963111011,3.7965270251415104,196.11492932881148,7.8255570748695655
38,07-01-2011,1192218.6914464165,0,26.538319749885197,3.182184192069201,183.59906244290164,7.369299514037708
38,14-01-2011,565454.0953594672,0,98.34575937211508,3.914549220009168,192.58156838991525,6.618228803325957
38,21-01-2011,1117687.2360480614,0,68.75012406946072,3.480024601198271,174.05790842693153,9.073014403003523
38,28-01-2011,1086634.8371969608,0,55.145428213779425,3.561364453852742,212.86947286116418,6.875451520313576
39,05-02-2010,767457.9121344477,1,56.76712411042778,3.6308092172731006,203.75374624448006,5.750829380353109
39,12-02-2010,930073.9447546555,1,83.42238129475142,3.5537625002153996,187.21264145180743,5.774107736560055
39,19-02-2010,1003024.6523169107,0,66.72645938642562,3.451192560550773,184.8447353861441,6.952291843324104
39,26-02-2010,883479.0958867725,0,47.458983091052986,4.10375159747596,191.86186358071072,7.180468141831207
39,05-03-2010,1045308.5501861993,0,85.95833011321524,3.3232754856250653,197.8805107067606,7.901993452750138
39,12-03-2010,846314.663694799,0,71.83602382290032,4.129641855718084,218.62869121400178,7.124663393407557
39,19-03-2010,1219892.7542791306,0,52.9667963233157,3.6706171858417136,218.78277351744185,6.6799220767278715
39,26-03-2010,1099444.0476886737,0,59.199255849578016,4.266506271124592,196.90155098635927,7.785126585460055
39,02-04-2010,1168790.2801037861,0,54.32627558145654,2.4605152175162415,202.00450039128847,7.892377134884908
39,09-04-2010,744410.0229357604,0,65.80075606107803,3.696995286087504,205.96081494132488,6.049895430854351
39,16-04-2010,756364.7866385363,0,67.92639364015726,4.326342732340972,192.45058133820248,7.507285507600638
39,23-04-2010,1436622.9712864244,0,72.51864191945805,4.184934111680955,193.58584209976567,8.110677684054092
39,30-04-2010,1055079.2468286417,0,78.27423304685182,2.7609654547037294,202.42943912350816,4.830351917815444
39,07-05-2010,1142782.5931317725,0,85.06116420487828,3.454878559279839,211.76010985197706,8.134768614866765
39,14-05-2010,1086028.5948630744,0,70.17070635254262,2.940823886999759,201.09807352856933,5.842117568083411
39,21-05-2010,1025161.9906970587,0,36.300961175478506,4.302467250876951,210.6944738812419,6.995857415055846
39,28-05-2010,1036953.7300498048,0,55.041679485139824,3.244571162198808,214.2715024796344,7.0715381624506035
39,04-06-2010,1215719.0232223747,0,48.177063401487786,3.6643411747482415,194.626374106866,7.468523602818836
39,11-06-2010,1243201.3077822954,1,45.613566263836525,4.048306591731026,195.719880679458,7.522296841616591
39,18-06-2010,894851.0033463908,0,47.88019907830176,3.0286123798847626,196.92422610436256,6.0322476604529
39,25-06-2010,1112899.6408094994,1,36.764973996471774,3.5120535841439473,197.1250901987547,7.818226616459615
39,02-07-2010,1029104.1486131025,0,27.263962713784167,4.761686665699779,194.0978538779951,6.8795025861006405
39,09-07-2010,628813.3425623127,0,69.7257460948179,4.072079235895957,184.21709623849588,6.736444447983464
39,16-07-2010,853458.6421805652,0,73.26546762528956,4.801239937437156,204.77588819553006,6.082738357822713
39,23-07-2010,926577.1659855378,0,60.63178012305156,3.9021191473413372,197.06462065712782,8.27786433739013
39,30-07-2010,1078262.0641638886,0,56.67028831436908,3.014405065431004,221.77320381042222,5.175022253038883
39,06-08-2010,852252.2549390146,0,47.45944296339211,2.310619036370649,214.70762474320716,7.095293119160234
39,13-08-2010,1311142.3955832496,0,79.54526740606245,3.5898476905531034,199.5053342867675,6.748221326073621
39,20-08-2010,958072.0013161675,0,72.16983297356157,3.4584473457916975,210.96670887496128,8.259316579895051
39,27-08-2010,1010655.7421129739,0,82.93925736510339,3.4675642794733195,202.07920067383958,7.985948383314721
39,03-09-2010,1298233.280856036,0,53.98928029642464,3.0685953681959472,200.79749667488497,6.918506134040507
39,10-09-2010,1156418.9222039122,0,89.31671957205927,4.046268916804151,205.22445210926693,6.55140312689088
39,17-09-2010,823636.3002029161,0,48.175687615152526,2.6203252556081855,204.8412792003923,7.508650543547419
39,24-09-2010,1194043.1484542436,1,58.04812219691171,2.658308933478587,183.8663176379506,7.007673193321506
39,01-10-2010,734968.5689604476,0,102.10173278669004,2.4599060136790643,202.7897810191565,6.2688157590859594
39,08-10-2010,696178.9417514872,0,99.03858179034847,3.5389686482791047,211.82900489387524,7.506976345828142
39,15-10-2010,1222772.4795964442,0,4.000713948128279,4.366726733302401,193.78337994952483,5.044744840908428
39,22-10-2010,689124.3841752799,0,49.936729619072864,2.9931970788227655,193.70405768136203,5.7674109358310846
39,29-10-2010,1085762.2360866012,0,30.87907013307133,3.211505366703917,212.20471123186724,7.025665237997579
39,05-11-2010,1026731.1002112494,0,70.27218588830443,3.8748490107224347,192.41334798457228,7.622379118473119
39,12-11-2010,1225278.689944413,0,58.027832019906455,3.9098840347377437,217.10250391117313,6.509599793426838
39,19-11-2010,1155860.094546447,0,67.42107476430726,3.132512449371367,191.5360169422231,8.744103184465978
39,26-11-2010,957245.9503875303,0,39.93396338049007,2.596888392330052,186.8133277197134,7.852805900556775
39,03-12-2010,1148278.8183003976,0,49.99694637570541,3.766011216136393,189.6991394509557,9.445769569113684
39,10-12-2010,1187276.0269233244,0,56.14787122478388,3.617179845364491,205.34376562840046,6.103118378565627
39,17-12-2010,985854.2200957984,0,35.489305555701954,3.5674007116451016,199.8166193336629,6.882589699655131
39,24-12-2010,978276.6690123315,0,57.67858379759033,3.830618174057429,190.95048511086856,6.791807267219262
39,31-12-2010,1270997.9268683214,0,65.99589748326328,2.6721803199149585,206.46320163135826,8.474497367570514
39,07-01-2011,814752.1774822898,0,54.764385553145864,4.174721252819412,192.2131003687494,8.715700092880605
39,14-01-2011,1018660.5285135121,1,61.364135652056724,3.9089960496286684,182.62313801754658,7.08534395552051
39,21-01-2011,985990.7112544071,0,74.50837654315532,2.981914112366334,198.13031570532056,9.894684130473333
39,28-01-2011,1023919.5909149718,0,71.58123145389341,3.7335454719967873,213.0292842194581,6.334968109696074
40,05-02-2010,713777.171445749,0,58.59940446383911,3.051607807138793,196.1661809773873,5.266429771578546
40,12-02-2010,574037.9632280266,0,37.27249666592286,3.615824035805461,193.43965241759344,8.111631474141051
40,19-02-2010,1320773.2134535732,0,73.58762746023812,3.6812581126408834,211.23898866891338,7.070287067089134
40,26-02-2010,510432.2233201568,0,86.45852320671064,3.2241624309766608,181.3375406515041,6.239715561378406
40,05-03-2010,1345860.1732089513,1,30.17840152777053,2.7658686565189763,199.6470408281132,8.67085052944366
40,12-03-2010,1440970.1444156303,0,81.46733164889945,3.9347862593267107,191.9026453261019,5.748772084622324
40,19-03-2010,943162.4235690443,0,91.35583019591328,3.8571419880506874,211.45466986559342,5.518232151026417
40,26-03-2010,1090287.753306695,0,74.45993869248646,4.118869052874612,188.8176806064397,7.821921482415901
40,02-04-2010,1336153.142677638,0,59.95507596485758,3.142662105107964,191.7158306954969,7.172561743990884
40,09-04-2010,1569175.4900578007,0,59.55382922175138,3.671777288519968,218.7522538848339,7.104514036075821
40,16-04-2010,1119634.430066959,0,40.48934128770736,3.353022803892892,202.00694125242924,6.641123915131867
40,23-04-2010,1139737.341870663,0,14.335227307699213,3.393283651456038,204.68531256905123,7.1522693758075
40,30-04-2010,1246440.8474827823,0,68.74745348359336,4.047325407955136,199.16437446807137,7.981215884073383
40,07-05-2010,517867.4610183718,0,68.42720508613417,2.992353812875092,206.23235896638818,8.637121790001705
40,14-05-2010,965437.3296213187,0,37.418711563353966,4.047819669041207,199.8716384159485,6.931797027476448
40,21-05-2010,1009045.2381293116,0,93.51272587691125,3.4030026037166876,204.0848533814647,6.138711897614099
40,28-05-2010,928714.5758949843,0,29.49629126675604,3.318914530570774,197.643465994848,5.995273772354545
40,04-06-2010,1065850.0124318667,1,53.370012234009714,3.540181162981515,200.4052294231701,7.761174039051639
40,11-06-2010,975871.393174033,0,53.002293017539934,4.308050870245007,189.81837214540909,4.6878129970617035
40,18-06-2010,880252.0375387371,0,52.250226734606194,3.3764141938778,196.68760691121605,7.279240101220999
40,25-06-2010,657964.9797216412,0,80.7434294506401,3.1730756317604203,221.2084094794912,8.552447547928313
40,02-07-2010,666094.6101410461,0,70.86513929948546,2.5962051754092714,193.10344495099056,6.946787563727017
40,09-07-2010,1050736.7108596193,0,33.70502279379154,4.365879191590175,183.12295137574185,7.423645788533188
40,16-07-2010,887340.4664908234,0,71.48772702267752,3.2513152334298687,207.14549761463505,7.309054438104288
40,23-07-2010,1026788.3765904027,0,47.76613756596403,3.5078971505286862,194.57650026389686,5.7741782313182775
40,30-07-2010,1086977.268072717,0,50.16466774687594,4.5886467237745325,196.00743354054038,7.9068705346102846
40,06-08-2010,924814.3509057288,0,65.22369082559257,3.028378618678111,190.74544751900942,7.569901396442642
40,13-08-2010,1172765.5457377099,1,47.177766916944606,4.329434847227665,209.84592894895798,7.790672318690728
40,20-08-2010,1157455.2586245828,1,69.19150976622132,3.5100619514978537,185.19619612674342,5.87680285966022
40,27-08-2010,1160612.0977317556,0,43.50078626817518,2.8995905000824798,212.7406358351615,4.44745984797925
40,03-09-2010,919537.9954494555,0,0.12586794678754387,3.676975397188491,186.8679777095353,6.446474631646445
40,10-09-2010,1095764.7820015626,0,43.33716953342068,4.032981859865913,200.17832254529756,7.037566858707252
40,17-09-2010,759465.6984456016,0,40.19972572193721,3.7608373245858733,193.84484150006367,6.710563809351907
40,24-09-2010,1001638.966839348,0,67.70110335875668,2.146217153163946,202.62641987871692,5.5499836438324675
40,01-10-2010,806805.8150776927,0,43.7566105654734,4.07927172563389,195.58253276503075,9.132185666806379
40,08-10-2010,1133788.0637591537,0,33.41281882131872,3.357744847830389,174.7654263748753,6.699064707029867
40,15-10-2010,1128543.4305262968,0,74.41278462714534,4.071415169778117,201.13415198198157,7.041819347895339
40,22-10-2010,860626.7971093494,0,49.54958141180726,2.774448006766631,195.93848583426197,6.053017234382652
40,29-10-2010,1090269.5095729264,1,36.37612921141004,3.024622505708022,199.13023902373277,4.809397083598863
40,05-11-2010,851192.0317936298,0,53.44409888245074,3.4791699883093328,200.1590865839963,7.1804960560780815
40,12-11-2010,1122087.9639618986,0,59.29185121909298,3.757139766334241,194.81132832046978,7.806360100620826
40,19-11-2010,871097.05616809,0,60.37998164519742,3.2393725965719353,206.18407215744134,6.272546075276882
40,26-11-2010,1127636.8081456425,0,64.2545224238357,3.748865054779496,194.70654476330668,8.386276082080823
40,03-12-2010,1232595.165247208,0,37.44818097582474,4.7242934940870285,185.9638378892819,7.949263174282309
40,10-12-2010,1086256.7633772597,0,36.51715255037771,2.695048399328156,212.65014234071697,6.327818363826512
40,17-12-2010,1271741.5597688318,0,94.69525586247154,2.964765878489964,203.26910864239176,6.898592170278136
40,24-12-2010,980399.806643332,0,76.1972396974175,3.9329307791668935,210.68687353658908,7.325684525210827
40,31-12-2010,1117632.6618824045,1,80.35062847861252,3.2685418102568367,210.75390554416413,8.110499865647384
40,07-01-2011,1216507.401736582,1,46.79704265327048,3.7833124746205353,187.2923121117046,5.446557815250594
40,14-01-2011,975793.5675394248,0,47.91940229050458,3.609602093816794,206.73428812753693,7.16179154060272
40,21-01-2011,1069344.80324839,0,53.25947250637247,3.879687749694726,192.1244853103678,8.387250255966784
40,28-01-2011,1084500.7252985076,0,65.88032798613261,2.748422465200199,189.55333469368756,7.454875800663843
41,05-02-2010,997812.1896079829,0,68.79685772945656,3.565634435585753,206.65356787644953,7.239547720869232
41,12-02-2010,1379064.781790434,0,43.855686450311204,3.4710669203928295,191.9524818628086,8.558294956772448
41,19-02-2010,1158078.215307094,0,70.41024993256559,2.7583758410510626,203.49785267575282,9.22048062152119
41,26-02-2010,965027.6728646636,1,86.90234347223577,3.199051419533693,207.09114389633285,7.162223216898832
41,05-03-2010,672941.9459856895,0,41.62767082953935,3.4430099050089855,199.8880082854023,5.762300185359584
41,12-03-2010,922264.321309272,0,57.193675439056804,4.508903224396515,201.11223334840858,6.672674424927604
41,19-03-2010,1098347.928151244,0,75.2678615916394,3.6077057013650617,198.34107317153615,5.804891439739794
41,26-03-2010,1138446.9770936514,0,78.9099460931879,3.460301809307253,202.85034742099361,6.693604572913481
41,02-04-2010,1179745.3548027289,1,47.843800399406845,2.5419178093670274,189.70475484804206,7.1371334013192165
41,09-04-2010,1281143.728678853,0,39.141434763825245,3.684526024294984,196.1700078551654,7.434068487183177
41,16-04-2010,991428.7504679324,0,61.4854738038029,3.011308374882682,188.4491022483198,8.088884620965061
41,23-04-2010,833083.8845045681,0,52.948138058711855,3.850486161351983,210.73340176863545,7.814684437294069
41,30-04-2010,937758.3421652637,0,38.17906565611851,2.813870273795103,188.86743305979007,5.96085386963958
41,07-05-2010,1136356.636366926,0,62.12145152773677,3.853895807077509,193.40504563161574,7.170484680696914
41,14-05-2010,916981.7326549343,0,74.10297317876353,3.529769968115497,202.98696662321265,6.584772770739179
41,21-05-2010,1341275.9561564818,0,58.482024298406785,3.5401597863126057,225.24509276607495,7.370851892710997
41,28-05-2010,592819.4859790448,0,49.144020565660696,3.2003277597167497,181.73380506516168,7.9173107984708
41,04-06-2010,609029.584173771,0,60.01078725257757,3.6514811537493657,198.95448611431473,5.605702249795582
41,11-06-2010,1102704.2738509472,0,98.44449120538906,3.266101268011933,211.3270217321611,7.854788001413047
41,18-06-2010,892568.1075038674,0,65.21732349443951,3.899943644852992,207.07678244027244,7.506534391385918
41,25-06-2010,868305.2809477488,0,63.47847023950305,3.6004198693470526,196.44585695871453,7.6041965491497
41,02-07-2010,1012388.8069956375,0,33.805360512647354,3.7407538154956526,214.81236591623593,7.758847765838796
41,09-07-2010,1166589.0885650082,0,71.75389803735624,3.38817196469354,193.96771328369624,6.985020794570622
41,16-07-2010,1396536.984321834,0,16.7767579285658,4.115322902089005,212.2071519549544,6.566649444915474
41,23-07-2010,925845.8806678981,0,58.55305049698657,2.9882581068156533,214.21746484595494,7.179448391736575
41,30-07-2010,1096688.7336556637,0,47.86073108254729,4.1675563339020485,186.41743013877513,6.907834189178524
41,06-08-2010,1193383.4802150936,0,45.53853790175711,3.363810188457387,217.55524980070086,6.359271387373355
41,13-08-2010,554853.332522222,0,80.09860588135766,3.303599491559429,189.13363811114718,7.102814243155069
41,20-08-2010,1129818.6768775003,0,78.41019150131358,3.062435986019658,200.30873184204253,7.669942776160621
41,27-08-2010,1050777.4381331194,0,69.05748653589782,3.366893524796754,209.2596612985223,5.702835703634278
41,03-09-2010,1473666.9084800875,0,77.12096189551025,3.3977618352877497,199.09412978611886,7.858733135159334
41,10-09-2010,1170481.682031995,0,34.555247455360735,3.8565129252164745,180.52660127338078,6.910664134528954
41,17-09-2010,1222409.3684206414,1,48.96968539794039,3.5299281621729377,208.96424721907414,7.651345977451648
41,24-09-2010,877363.1333583454,0,42.29347135563879,3.11368155517345,179.78997679123756,7.169944711051483
41,01-10-2010,967819.0123446803,0,36.232306585198586,4.002929492232929,201.87574793190973,6.525700834180426
41,08-10-2010,913371.6201126729,0,101.13171641415192,3.264575084938858,206.56116201860272,7.7692152772290495
41,15-10-2010,972080.9745768496,0,72.1359005011927,3.012333161154889,201.27568233053913,6.07269274606936
41,22-10-2010,865941.8839101102,0,82.5286743349206,4.300996327306707,209.78002975998407,8.270529224147143
41,29-10-2010,931073.0325983688,0,47.27486330027927,3.7395986016380203,206.6564999058391,6.412567985711005
41,05-11-2010,779026.0826428982,1,85.90297088390686,3.7024706769076716,191.61342362479417,6.319091170864305
41,12-11-2010,1136398.659850829,0,80.83465705309195,4.533834052811812,217.11759717983776,6.0973867774757835
41,19-11-2010,1184996.5041731603,0,52.252365099705706,3.8766067232080785,218.26647079311937,7.4174470344108
41,26-11-2010,1233744.5588462474,0,55.093850276243955,3.36305794341279,217.21169128759263,7.987075402909285
41,03-12-2010,680337.3630420337,0,36.06969903698134,2.284938812136322,196.34219254697993,6.928414307106121
41,10-12-2010,823215.4100343309,0,62.86169874055989,3.373430025269847,216.18668046208626,7.911274639834056
41,17-12-2010,967529.7783669764,0,69.78468027100071,3.735934973938338,196.16582058031068,6.672366562690039
41,24-12-2010,854334.1463156518,0,75.36388256211696,3.19411317301724,185.5047647929454,5.520692253816611
41,31-12-2010,816114.5278406931,0,12.619513768374972,3.401322422332668,209.24357368026006,7.567217905433872
41,07-01-2011,900758.8248516985,0,60.93872596830455,3.5735042932767778,194.38265335939354,5.999190805957307
41,14-01-2011,1122541.257206894,0,74.99876785889677,2.6565615243134735,197.47646518009108,7.58371141982395
41,21-01-2011,1148084.2428095504,1,73.39768980431482,3.349289255377541,195.70280610900835,7.329028545827467
41,28-01-2011,1393648.8910323547,0,63.46395285417495,2.5871924107176767,204.55146380949517,7.772728377919393
42,05-02-2010,984542.9525067409,0,107.48932566567984,3.385098148342113,190.37669232554916,5.0813659091392624
42,12-02-2010,681700.3691945316,0,84.57144164123994,4.6011216366864565,213.35473897850653,6.224620970327393
42,19-02-2010,860838.0778747669,0,56.81342844981298,3.484992133976049,193.48100406124956,6.275435242458816
42,26-02-2010,1302758.8510262086,0,75.14112003638834,3.8449701384480433,197.99783333508344,7.683414673560031
42,05-03-2010,545365.5594906337,0,62.07658470065395,3.1125913681997424,212.13014720080005,5.085813327259196
42,12-03-2010,714438.6941831254,0,64.82086555724223,3.801958520741687,215.12067949141453,6.846102226014365
42,19-03-2010,892114.0412443163,0,63.46135297141107,3.4745999407834427,194.56417856453191,6.467870622602246
42,26-03-2010,1185532.9822745074,0,35.57405230789549,3.9321957487033323,196.79375523693187,6.39247909007929
42,02-04-2010,856806.5553632115,0,61.70091720400364,3.7327960876975994,188.74950940452686,7.941653390940505
42,09-04-2010,1429556.9654481024,0,44.46275802757216,3.375874443069453,203.09278385126694,6.7872800830690805
42,16-04-2010,1046091.9761255266,0,73.45940412063835,2.9389237924457374,208.29215043388265,8.617961142954886
42,23-04-2010,760480.5724441254,0,44.159928518095114,2.90331059377809,203.19927861844772,6.88963524070814
42,30-04-2010,960881.3526301549,0,88.1809193282418,3.294288765171976,203.73256924135168,6.436985805087332
42,07-05-2010,756671.3808918651,0,24.136929950916993,3.4758401606328277,184.6297399887207,9.184230601754901
42,14-05-2010,806866.4172305538,0,56.76270469284539,3.29084029002927,197.1287014377013,7.136941783468104
42,21-05-2010,887059.5292004109,0,89.57027757147085,2.976690445953249,203.17362633255362,7.1552460520582795
42,28-05-2010,1070218.258335347,0,87.52463941271145,3.0300663899892593,189.46726699379832,5.3825102207584266
42,04-06-2010,1081214.31639201,0,41.59282767386149,4.028529505678288,189.37759682656716,6.864126951636203
42,11-06-2010,1058631.4450645936,1,87.06903122952237,3.8528919426020156,199.92759601405854,7.1816778721555945
42,18-06-2010,1186225.255537568,1,38.20973183453089,2.7827095695478254,201.06505401419187,6.457303126097386
42,25-06-2010,1183852.2183362583,0,74.91713036197154,2.8600093631871024,197.7880778538077,6.046575699177497
42,02-07-2010,1090381.2395266674,1,44.8307215413827,3.010292130892423,198.61498978060047,8.170192334070562
42,09-07-2010,998991.8259552943,0,51.13562615144609,3.5207813963167776,202.28940215164548,7.419550441913913
42,16-07-2010,679376.7488139593,0,52.91562768166719,3.9190886097997186,198.4276360797145,6.941073645476949
42,23-07-2010,1097149.429491092,0,102.13880364526372,2.505515466127079,200.30423680042477,7.563373041764883
42,30-07-2010,856042.6051301556,0,38.57610284262028,4.166605280690022,207.5204638361883,7.020501729367669
42,06-08-2010,1000063.7222930137,0,48.85437380770893,2.7026437977285904,206.28754314527848,8.632152243845294
42,13-08-2010,814717.9070812361,0,37.59602397117641,3.133304314542941,191.4089572594986,6.275467730965751
42,20-08-2010,935263.4491917625,1,54.66905391438505,3.3217682930984784,195.70923349029573,7.761171013073666
42,27-08-2010,1134375.2632985197,0,53.67406927270311,4.079333511670651,205.08087714420788,5.409154143141304
42,03-09-2010,1104745.5530827707,0,72.11087965171166,3.369169456978771,199.58952209360234,6.596101089135586
42,10-09-2010,1171147.0503952382,0,58.24892907093121,3.383461403974589,195.82734634677607,6.916589265253439
42,17-09-2010,779444.7252359362,0,51.30358774267772,3.413774618985855,210.18238211098637,7.623697067557974
42,24-09-2010,684163.6647657849,0,66.3767480676085,2.6706126874569844,207.59012970582188,5.887813698721441
42,01-10-2010,1311836.4580964702,1,59.024474709987665,3.3329898328811978,192.23824435102114,6.127061705342739
42,08-10-2010,909681.8693505842,0,58.066921807637186,4.30639011634852,193.00755935770925,7.059962857695707
42,15-10-2010,1283968.8974746107,0,65.410269509328,3.9310556895168673,187.9239549243354,7.684657541003047
42,22-10-2010,577329.8413523462,0,89.34751976655356,3.101693715186011,200.2001380500161,7.753644281633464
42,29-10-2010,1156732.0948453415,0,68.84672519952395,3.312933659254482,203.88748303590475,7.4489761444216755
42,05-11-2010,805646.3884520213,0,65.82567331380513,3.897617124628591,179.48947592146146,7.310068823875151
42,12-11-2010,1043713.7777747432,0,93.3761616260141,3.712124776487505,199.02778441261916,7.682705647746898
42,19-11-2010,1022356.9262659713,0,93.51837575218752,3.7803806340027863,204.0036828946256,7.242291185802318
42,26-11-2010,903304.3730011246,1,59.43021750979214,3.4253028931987877,184.81015416444586,7.036066060382323
42,03-12-2010,856424.7280841742,0,57.56525492432749,3.331898131666618,202.19758083940144,5.56643607703456
42,10-12-2010,1385853.9993242566,0,57.944650770248,4.168711020786361,197.45294059128238,8.899383760967947
42,17-12-2010,1009998.8854240614,0,70.92797903334544,3.3207287362186952,185.49836832963297,6.798961228133365
42,24-12-2010,952825.7070932646,0,80.97588879342482,2.417190503076099,208.8057967085435,7.349931994744442
42,31-12-2010,1256743.8375466438,0,87.18770446461488,2.8168942045488867,215.09240019827502,7.382117170592518
42,07-01-2011,1032137.0996251306,0,92.29566508494655,3.816229343074088,204.77601127662294,6.3032952327012195
42,14-01-2011,1249880.28596217,1,51.99885132234948,3.4724492751338394,190.97682845405458,6.666960224261081
42,21-01-2011,926673.2242662134,0,47.293892607566704,3.256795455666474,202.15238613187702,6.903391515143128
42,28-01-2011,963658.1215946395,0,57.732904117854005,3.565775820088748,196.8937076016312,6.827607300190769
43,05-02-2010,682950.7978540285,0,67.12954209338984,3.6274923662388683,211.93542471004938,7.347760648226891
43,12-02-2010,1177364.3424854765,1,73.75101439184988,2.711385181933939,191.0641903202199,8.586899657033092
43,19-02-2010,507912.8355807589,0,57.19644140349312,3.698233485814423,209.61366488049927,7.055201753795183
43,26-02-2010,880818.5118373907,0,46.33237926959741,4.054337209977862,214.2326492106566,6.866609677888378
43,05-03-2010,722702.1158617514,0,49.5231365937321,2.859511282780737,189.95887575241554,7.6328186361091
43,12-03-2010,898042.0542080528,0,47.568119096586315,2.833391473024502,232.84118201287885,7.783304237088713
43,19-03-2010,946599.2476465937,1,77.3806255106168,4.302345314940516,196.18111356540672,4.364161030486795
43,26-03-2010,822125.9467550297,0,32.79952847378811,3.3935700586218163,190.38528186489492,6.948287209439729
43,02-04-2010,1137552.7697123538,0,79.90605801058446,4.490800701325675,217.4420982259206,7.699080886744178
43,09-04-2010,664983.8399076471,0,51.909698307166096,3.4075624114027043,192.30292900762146,6.37002996814431
43,16-04-2010,1454818.713828648,0,78.80739377246596,2.844323054040057,181.38456471838353,6.910254663984886
43,23-04-2010,1252418.0992051691,1,99.45159808893865,3.101854905503955,201.46010609775726,6.5718546690071955
43,30-04-2010,713391.9190764292,0,103.83276510109974,3.578211010210334,198.49552253748516,6.893093509909257
43,07-05-2010,1173965.1362792025,0,68.43937642866915,3.0876330102488185,205.86801850735654,6.730958908111917
43,14-05-2010,1232016.5024797227,0,87.23521826680447,4.408472912602933,203.23041623787378,7.157962697752961
43,21-05-2010,893571.6260076361,0,74.02511278886738,3.8615351620677894,198.46191222118964,7.31882704357953
43,28-05-2010,782965.264332851,1,85.37615312633915,3.497306746692956,190.4734677060053,5.173444240870767
43,04-06-2010,848916.7399501884,0,67.99559835233703,3.159616776710487,196.31196734811132,7.9459409606394376
43,11-06-2010,1039611.38517703,0,19.312882642312744,3.332446227335986,203.1063909956479,7.97547031673751
43,18-06-2010,800141.2384747337,0,93.65295188026595,3.328877434926604,225.0323780506949,7.024479669851911
43,25-06-2010,807466.2931181949,0,47.32720268178845,2.466020356323621,188.7498093341936,8.209087711472758
43,02-07-2010,1219046.311185675,0,40.79293895715772,2.622448984364419,197.89642396223087,6.678920570540753
43,09-07-2010,922317.7518022449,0,64.4543212520193,3.262919157250839,217.099420509996,5.763444399851266
43,16-07-2010,1078487.5408152456,0,61.92754246228072,3.7737699100845266,188.7164866248922,8.263539010796508
43,23-07-2010,1286317.7810428222,1,45.54439489111012,4.11620454862334,205.48447848684427,6.515160075831135
43,30-07-2010,889457.0542784169,0,69.18322631957116,2.9499287918644823,209.39202851662048,6.328788924866111
43,06-08-2010,967742.913267771,0,87.4455782689315,3.3053471896232147,201.02806384459427,7.528512880805949
43,13-08-2010,897280.5899129316,0,43.13795390674262,2.9163952571928204,202.81583405085834,6.818139934209838
43,20-08-2010,1431443.1774895475,0,60.73207313126158,2.824668619417187,215.50278824078566,8.199590148993407
43,27-08-2010,713979.6815500543,0,44.35641092094732,3.2697169851202212,188.310190897875,5.188360152881613
43,03-09-2010,1143682.339555326,0,64.46040605924327,3.136530701213986,193.916016869022,4.2005511725635145
43,10-09-2010,1018273.5518213303,0,70.67252849632952,2.7727192973776376,198.09474810379962,7.291374456238584
43,17-09-2010,1065415.0436106615,0,63.0929708647325,4.161613473887456,207.35241444289622,7.206086984505
43,24-09-2010,1120013.0652704723,1,34.53574452173205,2.8411001239455134,177.85731814115448,7.817534509845298
43,01-10-2010,1165531.5019470397,0,76.8710058244424,2.391342607669656,203.5295308481375,7.0399330465562535
43,08-10-2010,938105.785060112,0,62.710360055835906,3.3886258934239892,203.68917202908247,7.011651707685245
43,15-10-2010,1024154.0931102723,0,47.218693343359675,3.294863243809592,210.15452848174678,7.6435176776499425
43,22-10-2010,913785.9718115341,0,59.15464003130414,3.4069258905171753,187.51336575237372,7.785482589829576
43,29-10-2010,869609.5691953229,0,57.99944282117328,3.248914246573711,214.84690402598758,6.17663047738646
43,05-11-2010,968095.5903867756,0,58.71379099761508,2.8936296925625973,206.48546747632997,7.042263064964979
43,12-11-2010,1033076.9538047726,0,45.86513636715294,4.039542885673593,200.46942165449758,5.827231679874907
43,19-11-2010,1260954.8668086817,0,43.358590645344066,2.9575160062597616,188.64402734474476,7.405240025549145
43,26-11-2010,896065.104359273,0,8.434142997189397,3.5527196130906855,205.8031917725955,6.676563046857264
43,03-12-2010,1274825.078500432,0,45.61055231324126,3.187446289653174,209.43159201000168,6.9911290677104265
43,10-12-2010,1226737.6996197018,0,33.50333888594731,3.6671513488126295,214.57371642464568,7.423951668063209
43,17-12-2010,982289.9896913979,0,42.702077751431545,4.1376235064609865,188.1414767076113,7.832092018373946
43,24-12-2010,1164121.4951817342,0,40.516651436555556,2.930526563971434,209.0536500580305,5.797431455751831
43,31-12-2010,1423503.880346207,0,80.49772865531861,3.0026141410341523,193.81011197152318,7.788754043885447
43,07-01-2011,1205510.5427350313,0,34.57431501771796,4.0173804035523455,211.5597199011587,5.463918324434093
43,14-01-2011,686805.7902785349,0,69.58005248183977,3.073216857648697,202.63819085679341,7.241076078803295
43,21-01-2011,962585.1460154558,0,76.64801077181119,3.0923413816660696,208.12923100889944,6.718035511570794
43,28-01-2011,1021464.9766268238,0,70.49585151002644,3.0607506045152477,187.18585020221974,6.9282936537150315
44,05-02-2010,819140.962669682,0,75.81235437679955,2.648208919863521,205.34285379207842,8.165616649111161
44,12-02-2010,909880.0550631935,0,55.15423803643223,3.2051203796664325,213.0017652681314,4.6951428274037115
44,19-02-2010,1247374.378703645,0,49.11423413689029,2.512996098867179,188.56066429402472,7.283431318372005
44,26-02-2010,1017941.4525370009,0,27.77994464229665,3.040050914776923,198.5182146650177,6.113334965315625
44,05-03-2010,836881.64575617,0,53.00274673847125,3.3287227406253157,206.6872775090128,7.791485927285228
44,12-03-2010,1302270.6295955072,0,46.840837446689775,2.84454399646392,182.57946058228168,8.07510345380894
44,19-03-2010,931739.0970679881,0,54.92580529867203,4.522161901187399,190.25467295905267,8.083820641831258
44,26-03-2010,994420.6212659981,0,76.10479715808813,3.481776339870981,194.13029013979536,7.331963928566553
44,02-04-2010,1102019.7462414545,0,48.548279037469456,4.57603667793103,217.8594384826959,6.068401856471194
44,09-04-2010,1403744.9825944472,0,74.03764504118588,4.169259754290636,191.03666667028006,6.514409887954991
44,16-04-2010,1347580.95236705,0,40.498022884261204,4.235051390859348,184.77049550614777,8.573542920049718
44,23-04-2010,939896.8639005737,0,64.77132252284152,4.583479633623483,191.0205801435977,6.980319245671731
44,30-04-2010,925388.2664672169,0,38.29716913675334,4.095444268224385,186.03375034163048,8.340666230603391
44,07-05-2010,1028677.9492720917,0,61.32188492597952,4.339027800226297,223.9844928558807,7.53108513097595
44,14-05-2010,801468.1969096838,0,49.02389954445663,3.26765653873793,202.88090521987326,8.920871149939787
44,21-05-2010,1009596.5440893224,0,80.3985721085551,3.767351974818099,210.2956692382275,6.628935971099147
44,28-05-2010,898346.9707833359,0,45.04429791268036,2.831814348361565,184.9133623017776,7.553655530807516
44,04-06-2010,1220745.7907903183,0,50.972495378373125,3.5767642286251755,204.5132282474341,5.863306881079184
44,11-06-2010,1247096.7539006139,0,72.74238080822455,3.972108188142599,211.4218307853958,9.1673603787432
44,18-06-2010,1220132.3695099999,1,62.216727573844445,2.7867680442881273,203.5833407119692,4.871350875481481
44,25-06-2010,629682.6331418827,0,76.37097432879997,3.331419724285957,198.68295154065387,7.105433906136862
44,02-07-2010,1117050.1651084535,0,77.44180391067567,3.4168789638395847,226.79628693900003,6.395486139440205
44,09-07-2010,1348899.1098719777,0,58.77267919800174,3.1530290055936048,195.52849721693866,6.747862347350589
44,16-07-2010,1494599.9853536172,0,66.99495630495963,2.2646683585602996,210.53121452523803,6.505502026185022
44,23-07-2010,733650.5031203647,0,78.82133102903862,3.0061486561722064,159.80878843236127,6.054531291823768
44,30-07-2010,925573.0917317304,0,72.19818245309288,3.4277560792777853,200.33567648069007,8.089379836154608
44,06-08-2010,977224.6784528518,0,60.30067851083581,2.881178636935986,206.55567398421837,7.391476720771154
44,13-08-2010,790017.8775962389,1,41.87563747614611,4.1532770338672504,183.0154943159975,7.784284753263751
44,20-08-2010,746957.5928003606,0,97.71577032971054,3.4270238636832366,199.50934471532656,7.675518736582285
44,27-08-2010,967074.1804943625,0,41.91198995338261,3.0921061374157137,206.49604865112886,5.2926570463504
44,03-09-2010,883154.181361583,0,120.8137390831888,4.02756358579059,193.1371721778663,7.508179289052328
44,10-09-2010,883239.4466160036,0,55.994923463744485,4.494442319377427,194.10663435414818,7.23422041359956
44,17-09-2010,1049055.3864435216,0,37.56063760101169,3.5376942346171742,203.3699384009656,8.698013161503487
44,24-09-2010,973612.6570212492,0,77.12919626297573,3.4930689327478643,191.34790946147754,6.23174467960823
44,01-10-2010,896406.5401566981,0,24.285174361074738,4.210589548398558,185.1814769689098,7.789017251812163
44,08-10-2010,1175869.3094054188,0,63.339352466683266,4.230340166064568,193.89237344268264,7.106669655367045
44,15-10-2010,1149411.7655648247,0,33.57581536287742,3.500428667122982,208.5219951309552,8.248701272708038
44,22-10-2010,1034099.2614904571,0,78.29910666020447,3.5190390096982296,201.3012943809804,5.495851469052021
44,29-10-2010,888706.8444300047,0,70.34420432317921,2.8869263177400755,204.47671990836994,8.979384471414301
44,05-11-2010,942011.1867266642,0,77.9648914571246,3.4181831645712544,210.4438605187658,10.428910478008213
44,12-11-2010,1023030.4628880952,0,33.76526615509751,3.571601096248191,185.11406022037596,7.787033471949847
44,19-11-2010,842823.5753850064,0,86.20389712108602,3.9322923958758853,178.3732098948547,7.921053128047925
44,26-11-2010,1141102.6772120493,0,65.11888754156693,3.0286985189932483,184.31939240547752,6.239795421244617
44,03-12-2010,976966.9187626737,0,112.50611160537824,3.4156140302810454,212.9375315586596,5.430900975306775
44,10-12-2010,893982.082799026,1,61.93795752068629,3.0008324052519137,212.5288899541366,7.093021288221432
44,17-12-2010,1183519.854051926,0,69.59021125882606,3.769827387172535,206.12626377337114,6.917113016125135
44,24-12-2010,935850.7257042307,0,63.33632119036555,3.8048573643267547,202.80500022919833,8.20978818784381
44,31-12-2010,637916.6433284511,0,50.52953236891605,3.409177430546883,213.4133006954968,7.092421147339237
44,07-01-2011,1027056.5017104635,0,31.055644414840835,3.5152197811973895,189.50050422069373,7.158072897091243
44,14-01-2011,847689.3649147578,0,62.43006019637869,3.022122821088678,196.0129821751681,7.077374282760833
44,21-01-2011,1236859.8862313451,0,65.13438345591481,3.6272662948938192,189.84852463625563,6.790412233797084
44,28-01-2011,1015602.6148911179,0,70.9505306087124,3.8627950877411608,214.39954041428632,8.07562679401766
45,05-02-2010,1113352.0762235315,0,81.37284439180169,3.9094031760534884,197.4420872153599,7.029739030956155
45,12-02-2010,1013116.1942740356,1,49.12179892973485,3.9129263349138546,181.37136413548762,6.465227743942196
45,19-02-2010,903008.891024477,0,27.27396429801081,4.0705997074542015,204.85918339459116,6.02901513478431
45,26-02-2010,862355.2884344058,0,73.64978418521272,3.6448922393291108,223.33035562111468,7.403940416068305
45,05-03-2010,971751.6357862937,0,42.869960857611545,3.5140382672472743,183.14941102582446,7.593116120400325
45,12-03-2010,1152040.3265251063,0,12.8307171558507,4.1394368823501875,200.55396911783333,7.435048371640445
45,19-03-2010,834319.3556503498,0,44.897512031029635,3.3799563400164003,200.11132592717345,7.52952544432806
45,26-03-2010,1171248.28245931,0,56.159974594771604,3.199897887707186,192.19195048421005,6.511726275303312
45,02-04-2010,589443.5133658949,0,45.50161314216796,3.45274672886546,203.217635594639,7.4552082481016475
45,09-04-2010,1033923.3613435283,0,59.701492551140795,3.2092784568286215,180.3664135673448,6.4246913915982065
45,16-04-2010,805509.872462599,0,69.32133496557208,3.230748673888668,216.31440401798264,6.820890849146195
45,23-04-2010,980918.3636466704,0,29.850021667964988,3.995926850253929,198.25288962070024,5.753659706379127
45,30-04-2010,834701.724857953,0,42.66053087134895,4.379906461586839,201.1620171909581,6.89773425501601
45,07-05-2010,929572.7568357915,0,56.2163932968216,3.421903049951402,197.7507976906448,6.372538833524298
45,14-05-2010,1043487.8161451685,1,61.322822302980036,2.877638601540617,198.93791308281,7.220606922958882
45,21-05-2010,966261.7930035747,1,87.602465791708,3.779677704857718,208.269460609428,8.226104585334069
45,28-05-2010,1105188.83612496,0,78.56777358272342,3.8918099152704144,191.5483300215996,5.136953143177525
45,04-06-2010,951769.5015476694,0,67.45588317058412,3.58384066672462,204.54331433152228,5.981157530625348
45,11-06-2010,1072003.2930476451,0,55.43697301423531,4.067343009963781,206.08736896091872,7.4157255099797865
45,18-06-2010,973437.8782395048,0,38.96904883319678,3.0111227994789758,199.48418742784423,6.228109624814046
45,25-06-2010,822994.2735474403,0,62.1015194241659,3.692087940668832,180.51036361781425,8.269266272924927
45,02-07-2010,1201090.0670156158,0,71.34660953973258,3.997207210045119,198.7284397054327,7.976497702772889
45,09-07-2010,592310.6950235654,1,38.87383739048494,3.6839190966994484,201.84814167612248,7.467203692827763
45,16-07-2010,1253890.1446847185,0,47.52319502625479,3.3615204528864173,210.2477380066501,7.9089374968885995
45,23-07-2010,800587.9345273476,0,38.85497075959793,3.92370785657505,195.61848494379214,7.577832288639925
45,30-07-2010,1216688.260669577,0,3.5966235551861843,3.9170277259246844,209.3431173767077,6.567598812722038
45,06-08-2010,1254582.0434494847,0,58.738048940913075,3.6456668216593995,226.17273338971958,5.508573262343974
45,13-08-2010,1024258.3661800164,0,62.87179650958984,3.0934379530768066,208.22110847282812,7.1404669757348564
45,20-08-2010,775095.664077221,0,61.62249166837006,3.507160201102429,194.9489058458849,6.9372305755065895
45,27-08-2010,829582.6231759412,1,52.182234656552225,3.6016381105287314,206.97182620792853,5.8928167301182395
45,03-09-2010,1052131.2309410404,0,86.350816380348,3.297734129874204,209.70067788682525,9.114600177908336
45,10-09-2010,1199224.532050463,0,29.894416476771188,3.7007693178596024,196.47950343967707,6.003810754404003
45,17-09-2010,1069929.9514294947,0,64.0206700743314,3.1121503252248823,202.7908968505734,7.148773404501092
45,24-09-2010,1175422.0250503933,0,46.77956236914575,3.8996232287586228,205.65738504453952,7.035843294858049
45,01-10-2010,1053259.0712881247,1,48.060259379089366,3.883272375885582,195.77071654997272,7.041799084729497
45,08-10-2010,1014672.1976337752,0,55.52121151373452,3.459958500875454,202.79821595944276,7.265288344783809
45,15-10-2010,714134.7058051871,0,85.72504172909717,3.9147746101125773,209.26708473009714,7.231425468312308
45,22-10-2010,1082840.3198860113,0,74.35692457992533,4.175496952863758,208.8362454897097,6.839513779671437
45,29-10-2010,775419.7687846335,0,93.3559586600903,3.688491850463298,181.95592277502925,6.09885994879813
45,05-11-2010,854942.9042445808,0,69.06548084266352,3.2509040396492805,226.90315007288694,6.430638807909132
45,12-11-2010,912961.3335604414,0,42.50447551491264,3.793901927004736,206.70598939334798,7.552118685244996
45,19-11-2010,736700.772139262,0,95.62799433201715,3.7833039164175446,206.37898316259924,7.870060216907484
45,26-11-2010,1341941.6057351036,0,84.19787920038209,4.099498740827746,208.7449632839823,6.367548606049134
45,03-12-2010,738800.018852954,0,-1.6512435028647516,3.700714829683731,193.5612798889165,8.111145215204463
45,10-12-2010,1078038.5221210807,0,82.4819178940325,3.7137191140416927,181.9344059376545,8.178739776005251
45,17-12-2010,1354667.0114008654,1,49.506624388692714,3.880596186350754,184.93917089597932,6.5822448750791835
45,24-12-2010,645788.6395325635,0,45.926872453698344,3.2108064391382802,221.3508200893013,5.979844777473113
45,31-12-2010,856914.895884651,0,71.99157255627506,3.069746336747345,193.9531914987259,4.912930754290484
45,07-01-2011,941175.3639247661,0,38.24324904572761,3.0382675017210237,200.75894631840092,7.321463087302982
45,14-01-2011,1280436.374760278,0,23.20724254875394,2.8675555779486457,200.55208008992332,6.07015205160735
45,21-01-2011,406326.3139528296,0,86.99092627667487,3.75743761816473,206.8263688121289,7.345423819040471
45,28-01-2011,798430.6901865714,0,41.588335483270455,4.2581442252780075,184.29763345918155,8.23228382951083
